2024-04-18 11:50:05 [main] INFO  it.progresslab.db.ArangoDBConnector - ArangoDB connector initialized on host localhost and port 8529
2024-04-18 11:50:05 [main] INFO  it.progresslab.db.ArangoDBConnector - ArangoDB connector initialized on host localhost and port 8529
2024-04-18 11:50:06 [main] ERROR it.progresslab.db.ArangoDBConnector - Exception retrieving document on DB PROGRESS_PROD collection User key 2863813: Cannot contact any host!
com.arangodb.ArangoDBException: Cannot contact any host!
	at com.arangodb.ArangoDBException.of(ArangoDBException.java:137) ~[core-7.6.0.jar:7.6.0]
	at com.arangodb.ArangoDBException.of(ArangoDBException.java:111) ~[core-7.6.0.jar:7.6.0]
	at com.arangodb.ArangoDBException.of(ArangoDBException.java:107) ~[core-7.6.0.jar:7.6.0]
	at com.arangodb.internal.net.CommunicationProtocol.execute(CommunicationProtocol.java:45) ~[core-7.6.0.jar:7.6.0]
	at com.arangodb.internal.ArangoExecutorSync.execute(ArangoExecutorSync.java:55) ~[core-7.6.0.jar:7.6.0]
	at com.arangodb.internal.ArangoExecutorSync.execute(ArangoExecutorSync.java:47) ~[core-7.6.0.jar:7.6.0]
	at com.arangodb.internal.ArangoCollectionImpl.getDocument(ArangoCollectionImpl.java:137) ~[core-7.6.0.jar:7.6.0]
	at com.arangodb.internal.ArangoCollectionImpl.getDocument(ArangoCollectionImpl.java:131) ~[core-7.6.0.jar:7.6.0]
	at it.progresslab.db.ArangoDBConnector.getDocumentAsJson(ArangoDBConnector.java:75) [classes/:?]
	at it.progresslab.App.main(App.java:14) [classes/:?]
Caused by: com.arangodb.ArangoDBMultipleException
	at com.arangodb.internal.net.FallbackHostHandler.checkNext(FallbackHostHandler.java:62) ~[core-7.6.0.jar:7.6.0]
	at com.arangodb.internal.net.DirtyReadHostHandler.checkNext(DirtyReadHostHandler.java:58) ~[core-7.6.0.jar:7.6.0]
	at com.arangodb.internal.net.Communication.handleException(Communication.java:126) ~[core-7.6.0.jar:7.6.0]
	at com.arangodb.internal.net.Communication.lambda$doExecuteAsync$0(Communication.java:82) ~[core-7.6.0.jar:7.6.0]
	at java.base/java.util.concurrent.CompletableFuture.uniWhenComplete(CompletableFuture.java:863) ~[?:?]
	at java.base/java.util.concurrent.CompletableFuture$UniWhenComplete.tryFire(CompletableFuture.java:841) ~[?:?]
	at java.base/java.util.concurrent.CompletableFuture.postComplete(CompletableFuture.java:510) ~[?:?]
	at java.base/java.util.concurrent.CompletableFuture.completeExceptionally(CompletableFuture.java:2162) ~[?:?]
	at io.vertx.core.impl.future.FutureImpl$2.onFailure(FutureImpl.java:117) ~[vertx-core-4.5.5.jar:4.5.5]
	at io.vertx.core.impl.future.FutureImpl$ListenerArray.onFailure(FutureImpl.java:316) ~[vertx-core-4.5.5.jar:4.5.5]
	at io.vertx.core.impl.future.FutureBase.emitFailure(FutureBase.java:81) ~[vertx-core-4.5.5.jar:4.5.5]
	at io.vertx.core.impl.future.FutureImpl.tryFail(FutureImpl.java:278) ~[vertx-core-4.5.5.jar:4.5.5]
	at io.vertx.core.impl.future.Mapping.onFailure(Mapping.java:45) ~[vertx-core-4.5.5.jar:4.5.5]
	at io.vertx.core.impl.future.FutureBase.emitFailure(FutureBase.java:81) ~[vertx-core-4.5.5.jar:4.5.5]
	at io.vertx.core.impl.future.FutureImpl.tryFail(FutureImpl.java:278) ~[vertx-core-4.5.5.jar:4.5.5]
	at io.vertx.core.impl.future.PromiseImpl.onFailure(PromiseImpl.java:54) ~[vertx-core-4.5.5.jar:4.5.5]
	at io.vertx.core.impl.future.PromiseImpl.handle(PromiseImpl.java:43) ~[vertx-core-4.5.5.jar:4.5.5]
	at io.vertx.core.impl.future.PromiseImpl.handle(PromiseImpl.java:23) ~[vertx-core-4.5.5.jar:4.5.5]
	at io.vertx.ext.web.client.impl.HttpContext.handleFailure(HttpContext.java:393) ~[vertx-web-client-4.5.5.jar:4.5.5]
	at io.vertx.ext.web.client.impl.HttpContext.execute(HttpContext.java:387) ~[vertx-web-client-4.5.5.jar:4.5.5]
	at io.vertx.ext.web.client.impl.HttpContext.next(HttpContext.java:362) ~[vertx-web-client-4.5.5.jar:4.5.5]
	at io.vertx.ext.web.client.impl.HttpContext.fire(HttpContext.java:329) ~[vertx-web-client-4.5.5.jar:4.5.5]
	at io.vertx.ext.web.client.impl.HttpContext.fail(HttpContext.java:310) ~[vertx-web-client-4.5.5.jar:4.5.5]
	at io.vertx.ext.web.client.impl.HttpContext.lambda$handleCreateRequest$6(HttpContext.java:493) ~[vertx-web-client-4.5.5.jar:4.5.5]
	at io.vertx.core.impl.future.FutureImpl$4.onFailure(FutureImpl.java:188) ~[vertx-core-4.5.5.jar:4.5.5]
	at io.vertx.core.impl.future.FutureBase.emitFailure(FutureBase.java:81) ~[vertx-core-4.5.5.jar:4.5.5]
	at io.vertx.core.impl.future.FutureImpl.tryFail(FutureImpl.java:278) ~[vertx-core-4.5.5.jar:4.5.5]
	at io.vertx.core.http.impl.HttpClientImpl.lambda$doRequest$4(HttpClientImpl.java:398) ~[vertx-core-4.5.5.jar:4.5.5]
	at io.vertx.core.net.impl.pool.Endpoint.lambda$getConnection$0(Endpoint.java:52) ~[vertx-core-4.5.5.jar:4.5.5]
	at io.vertx.core.http.impl.SharedClientHttpStreamEndpoint$Request.handle(SharedClientHttpStreamEndpoint.java:162) ~[vertx-core-4.5.5.jar:4.5.5]
	at io.vertx.core.http.impl.SharedClientHttpStreamEndpoint$Request.handle(SharedClientHttpStreamEndpoint.java:123) ~[vertx-core-4.5.5.jar:4.5.5]
	at io.vertx.core.impl.ContextImpl.emit(ContextImpl.java:328) ~[vertx-core-4.5.5.jar:4.5.5]
	at io.vertx.core.impl.ContextImpl.emit(ContextImpl.java:321) ~[vertx-core-4.5.5.jar:4.5.5]
	at io.vertx.core.net.impl.pool.SimpleConnectionPool$ConnectFailed$1.run(SimpleConnectionPool.java:380) ~[vertx-core-4.5.5.jar:4.5.5]
	at io.vertx.core.net.impl.pool.Task.runNextTasks(Task.java:43) ~[vertx-core-4.5.5.jar:4.5.5]
	at io.vertx.core.net.impl.pool.CombinerExecutor.submit(CombinerExecutor.java:91) ~[vertx-core-4.5.5.jar:4.5.5]
	at io.vertx.core.net.impl.pool.SimpleConnectionPool.execute(SimpleConnectionPool.java:244) ~[vertx-core-4.5.5.jar:4.5.5]
	at io.vertx.core.net.impl.pool.SimpleConnectionPool.lambda$connect$2(SimpleConnectionPool.java:258) ~[vertx-core-4.5.5.jar:4.5.5]
	at io.vertx.core.http.impl.SharedClientHttpStreamEndpoint.lambda$connect$2(SharedClientHttpStreamEndpoint.java:104) ~[vertx-core-4.5.5.jar:4.5.5]
	at io.vertx.core.impl.future.FutureImpl$4.onFailure(FutureImpl.java:188) ~[vertx-core-4.5.5.jar:4.5.5]
	at io.vertx.core.impl.future.FutureBase.emitFailure(FutureBase.java:81) ~[vertx-core-4.5.5.jar:4.5.5]
	at io.vertx.core.impl.future.FutureImpl.tryFail(FutureImpl.java:278) ~[vertx-core-4.5.5.jar:4.5.5]
	at io.vertx.core.impl.future.Composition$1.onFailure(Composition.java:66) ~[vertx-core-4.5.5.jar:4.5.5]
	at io.vertx.core.impl.future.FutureBase.emitFailure(FutureBase.java:81) ~[vertx-core-4.5.5.jar:4.5.5]
	at io.vertx.core.impl.future.FailedFuture.addListener(FailedFuture.java:98) ~[vertx-core-4.5.5.jar:4.5.5]
	at io.vertx.core.impl.future.Composition.onFailure(Composition.java:55) ~[vertx-core-4.5.5.jar:4.5.5]
	at io.vertx.core.impl.future.FutureBase.emitFailure(FutureBase.java:81) ~[vertx-core-4.5.5.jar:4.5.5]
	at io.vertx.core.impl.future.FutureImpl.tryFail(FutureImpl.java:278) ~[vertx-core-4.5.5.jar:4.5.5]
	at io.vertx.core.impl.ContextImpl.emit(ContextImpl.java:328) ~[vertx-core-4.5.5.jar:4.5.5]
	at io.vertx.core.impl.ContextImpl.emit(ContextImpl.java:321) ~[vertx-core-4.5.5.jar:4.5.5]
	at io.vertx.core.net.impl.NetClientImpl.failed(NetClientImpl.java:352) ~[vertx-core-4.5.5.jar:4.5.5]
	at io.vertx.core.net.impl.NetClientImpl.lambda$connectInternal2$6(NetClientImpl.java:324) ~[vertx-core-4.5.5.jar:4.5.5]
	at io.netty.util.concurrent.DefaultPromise.notifyListener0(DefaultPromise.java:590) ~[netty-common-4.1.107.Final.jar:4.1.107.Final]
	at io.netty.util.concurrent.DefaultPromise.notifyListenersNow(DefaultPromise.java:557) ~[netty-common-4.1.107.Final.jar:4.1.107.Final]
	at io.netty.util.concurrent.DefaultPromise.notifyListeners(DefaultPromise.java:492) ~[netty-common-4.1.107.Final.jar:4.1.107.Final]
	at io.netty.util.concurrent.DefaultPromise.setValue0(DefaultPromise.java:636) ~[netty-common-4.1.107.Final.jar:4.1.107.Final]
	at io.netty.util.concurrent.DefaultPromise.setFailure0(DefaultPromise.java:629) ~[netty-common-4.1.107.Final.jar:4.1.107.Final]
	at io.netty.util.concurrent.DefaultPromise.setFailure(DefaultPromise.java:110) ~[netty-common-4.1.107.Final.jar:4.1.107.Final]
	at io.vertx.core.net.impl.ChannelProvider.lambda$handleConnect$0(ChannelProvider.java:157) ~[vertx-core-4.5.5.jar:4.5.5]
	at io.netty.util.concurrent.DefaultPromise.notifyListener0(DefaultPromise.java:590) ~[netty-common-4.1.107.Final.jar:4.1.107.Final]
	at io.netty.util.concurrent.DefaultPromise.notifyListeners0(DefaultPromise.java:583) ~[netty-common-4.1.107.Final.jar:4.1.107.Final]
	at io.netty.util.concurrent.DefaultPromise.notifyListenersNow(DefaultPromise.java:559) ~[netty-common-4.1.107.Final.jar:4.1.107.Final]
	at io.netty.util.concurrent.DefaultPromise.notifyListeners(DefaultPromise.java:492) ~[netty-common-4.1.107.Final.jar:4.1.107.Final]
	at io.netty.util.concurrent.DefaultPromise.setValue0(DefaultPromise.java:636) ~[netty-common-4.1.107.Final.jar:4.1.107.Final]
	at io.netty.util.concurrent.DefaultPromise.setFailure0(DefaultPromise.java:629) ~[netty-common-4.1.107.Final.jar:4.1.107.Final]
	at io.netty.util.concurrent.DefaultPromise.tryFailure(DefaultPromise.java:118) ~[netty-common-4.1.107.Final.jar:4.1.107.Final]
	at io.netty.channel.nio.AbstractNioChannel$AbstractNioUnsafe.fulfillConnectPromise(AbstractNioChannel.java:322) ~[netty-transport-4.1.107.Final.jar:4.1.107.Final]
	at io.netty.channel.nio.AbstractNioChannel$AbstractNioUnsafe.finishConnect(AbstractNioChannel.java:338) ~[netty-transport-4.1.107.Final.jar:4.1.107.Final]
	at io.netty.channel.nio.NioEventLoop.processSelectedKey(NioEventLoop.java:776) ~[netty-transport-4.1.107.Final.jar:4.1.107.Final]
	at io.netty.channel.nio.NioEventLoop.processSelectedKeysOptimized(NioEventLoop.java:724) ~[netty-transport-4.1.107.Final.jar:4.1.107.Final]
	at io.netty.channel.nio.NioEventLoop.processSelectedKeys(NioEventLoop.java:650) ~[netty-transport-4.1.107.Final.jar:4.1.107.Final]
	at io.netty.channel.nio.NioEventLoop.run(NioEventLoop.java:562) ~[netty-transport-4.1.107.Final.jar:4.1.107.Final]
	at io.netty.util.concurrent.SingleThreadEventExecutor$4.run(SingleThreadEventExecutor.java:997) ~[netty-common-4.1.107.Final.jar:4.1.107.Final]
	at io.netty.util.internal.ThreadExecutorMap$2.run(ThreadExecutorMap.java:74) ~[netty-common-4.1.107.Final.jar:4.1.107.Final]
	at io.netty.util.concurrent.FastThreadLocalRunnable.run(FastThreadLocalRunnable.java:30) ~[netty-common-4.1.107.Final.jar:4.1.107.Final]
	at java.base/java.lang.Thread.run(Thread.java:840) ~[?:?]
2024-04-18 11:50:06 [main] ERROR it.progresslab.db.ArangoDBConnector - Exception retrieving document on DB PROGRESS_PROD collection User key 2863813: Cannot contact any host!
com.arangodb.ArangoDBException: Cannot contact any host!
	at com.arangodb.ArangoDBException.of(ArangoDBException.java:137) ~[core-7.6.0.jar:7.6.0]
	at com.arangodb.ArangoDBException.of(ArangoDBException.java:111) ~[core-7.6.0.jar:7.6.0]
	at com.arangodb.ArangoDBException.of(ArangoDBException.java:107) ~[core-7.6.0.jar:7.6.0]
	at com.arangodb.internal.net.CommunicationProtocol.execute(CommunicationProtocol.java:45) ~[core-7.6.0.jar:7.6.0]
	at com.arangodb.internal.ArangoExecutorSync.execute(ArangoExecutorSync.java:55) ~[core-7.6.0.jar:7.6.0]
	at com.arangodb.internal.ArangoExecutorSync.execute(ArangoExecutorSync.java:47) ~[core-7.6.0.jar:7.6.0]
	at com.arangodb.internal.ArangoCollectionImpl.getDocument(ArangoCollectionImpl.java:137) ~[core-7.6.0.jar:7.6.0]
	at com.arangodb.internal.ArangoCollectionImpl.getDocument(ArangoCollectionImpl.java:131) ~[core-7.6.0.jar:7.6.0]
	at it.progresslab.db.ArangoDBConnector.getDocumentAsJson(ArangoDBConnector.java:75) [classes/:?]
	at it.progresslab.App.main(App.java:14) [classes/:?]
Caused by: com.arangodb.ArangoDBMultipleException
	at com.arangodb.internal.net.FallbackHostHandler.checkNext(FallbackHostHandler.java:62) ~[core-7.6.0.jar:7.6.0]
	at com.arangodb.internal.net.DirtyReadHostHandler.checkNext(DirtyReadHostHandler.java:58) ~[core-7.6.0.jar:7.6.0]
	at com.arangodb.internal.net.Communication.handleException(Communication.java:126) ~[core-7.6.0.jar:7.6.0]
	at com.arangodb.internal.net.Communication.lambda$doExecuteAsync$0(Communication.java:82) ~[core-7.6.0.jar:7.6.0]
	at java.base/java.util.concurrent.CompletableFuture.uniWhenComplete(CompletableFuture.java:863) ~[?:?]
	at java.base/java.util.concurrent.CompletableFuture$UniWhenComplete.tryFire(CompletableFuture.java:841) ~[?:?]
	at java.base/java.util.concurrent.CompletableFuture.postComplete(CompletableFuture.java:510) ~[?:?]
	at java.base/java.util.concurrent.CompletableFuture.completeExceptionally(CompletableFuture.java:2162) ~[?:?]
	at io.vertx.core.impl.future.FutureImpl$2.onFailure(FutureImpl.java:117) ~[vertx-core-4.5.5.jar:4.5.5]
	at io.vertx.core.impl.future.FutureImpl$ListenerArray.onFailure(FutureImpl.java:316) ~[vertx-core-4.5.5.jar:4.5.5]
	at io.vertx.core.impl.future.FutureBase.emitFailure(FutureBase.java:81) ~[vertx-core-4.5.5.jar:4.5.5]
	at io.vertx.core.impl.future.FutureImpl.tryFail(FutureImpl.java:278) ~[vertx-core-4.5.5.jar:4.5.5]
	at io.vertx.core.impl.future.Mapping.onFailure(Mapping.java:45) ~[vertx-core-4.5.5.jar:4.5.5]
	at io.vertx.core.impl.future.FutureBase.emitFailure(FutureBase.java:81) ~[vertx-core-4.5.5.jar:4.5.5]
	at io.vertx.core.impl.future.FutureImpl.tryFail(FutureImpl.java:278) ~[vertx-core-4.5.5.jar:4.5.5]
	at io.vertx.core.impl.future.PromiseImpl.onFailure(PromiseImpl.java:54) ~[vertx-core-4.5.5.jar:4.5.5]
	at io.vertx.core.impl.future.PromiseImpl.handle(PromiseImpl.java:43) ~[vertx-core-4.5.5.jar:4.5.5]
	at io.vertx.core.impl.future.PromiseImpl.handle(PromiseImpl.java:23) ~[vertx-core-4.5.5.jar:4.5.5]
	at io.vertx.ext.web.client.impl.HttpContext.handleFailure(HttpContext.java:393) ~[vertx-web-client-4.5.5.jar:4.5.5]
	at io.vertx.ext.web.client.impl.HttpContext.execute(HttpContext.java:387) ~[vertx-web-client-4.5.5.jar:4.5.5]
	at io.vertx.ext.web.client.impl.HttpContext.next(HttpContext.java:362) ~[vertx-web-client-4.5.5.jar:4.5.5]
	at io.vertx.ext.web.client.impl.HttpContext.fire(HttpContext.java:329) ~[vertx-web-client-4.5.5.jar:4.5.5]
	at io.vertx.ext.web.client.impl.HttpContext.fail(HttpContext.java:310) ~[vertx-web-client-4.5.5.jar:4.5.5]
	at io.vertx.ext.web.client.impl.HttpContext.lambda$handleCreateRequest$6(HttpContext.java:493) ~[vertx-web-client-4.5.5.jar:4.5.5]
	at io.vertx.core.impl.future.FutureImpl$4.onFailure(FutureImpl.java:188) ~[vertx-core-4.5.5.jar:4.5.5]
	at io.vertx.core.impl.future.FutureBase.emitFailure(FutureBase.java:81) ~[vertx-core-4.5.5.jar:4.5.5]
	at io.vertx.core.impl.future.FutureImpl.tryFail(FutureImpl.java:278) ~[vertx-core-4.5.5.jar:4.5.5]
	at io.vertx.core.http.impl.HttpClientImpl.lambda$doRequest$4(HttpClientImpl.java:398) ~[vertx-core-4.5.5.jar:4.5.5]
	at io.vertx.core.net.impl.pool.Endpoint.lambda$getConnection$0(Endpoint.java:52) ~[vertx-core-4.5.5.jar:4.5.5]
	at io.vertx.core.http.impl.SharedClientHttpStreamEndpoint$Request.handle(SharedClientHttpStreamEndpoint.java:162) ~[vertx-core-4.5.5.jar:4.5.5]
	at io.vertx.core.http.impl.SharedClientHttpStreamEndpoint$Request.handle(SharedClientHttpStreamEndpoint.java:123) ~[vertx-core-4.5.5.jar:4.5.5]
	at io.vertx.core.impl.ContextImpl.emit(ContextImpl.java:328) ~[vertx-core-4.5.5.jar:4.5.5]
	at io.vertx.core.impl.ContextImpl.emit(ContextImpl.java:321) ~[vertx-core-4.5.5.jar:4.5.5]
	at io.vertx.core.net.impl.pool.SimpleConnectionPool$ConnectFailed$1.run(SimpleConnectionPool.java:380) ~[vertx-core-4.5.5.jar:4.5.5]
	at io.vertx.core.net.impl.pool.Task.runNextTasks(Task.java:43) ~[vertx-core-4.5.5.jar:4.5.5]
	at io.vertx.core.net.impl.pool.CombinerExecutor.submit(CombinerExecutor.java:91) ~[vertx-core-4.5.5.jar:4.5.5]
	at io.vertx.core.net.impl.pool.SimpleConnectionPool.execute(SimpleConnectionPool.java:244) ~[vertx-core-4.5.5.jar:4.5.5]
	at io.vertx.core.net.impl.pool.SimpleConnectionPool.lambda$connect$2(SimpleConnectionPool.java:258) ~[vertx-core-4.5.5.jar:4.5.5]
	at io.vertx.core.http.impl.SharedClientHttpStreamEndpoint.lambda$connect$2(SharedClientHttpStreamEndpoint.java:104) ~[vertx-core-4.5.5.jar:4.5.5]
	at io.vertx.core.impl.future.FutureImpl$4.onFailure(FutureImpl.java:188) ~[vertx-core-4.5.5.jar:4.5.5]
	at io.vertx.core.impl.future.FutureBase.emitFailure(FutureBase.java:81) ~[vertx-core-4.5.5.jar:4.5.5]
	at io.vertx.core.impl.future.FutureImpl.tryFail(FutureImpl.java:278) ~[vertx-core-4.5.5.jar:4.5.5]
	at io.vertx.core.impl.future.Composition$1.onFailure(Composition.java:66) ~[vertx-core-4.5.5.jar:4.5.5]
	at io.vertx.core.impl.future.FutureBase.emitFailure(FutureBase.java:81) ~[vertx-core-4.5.5.jar:4.5.5]
	at io.vertx.core.impl.future.FailedFuture.addListener(FailedFuture.java:98) ~[vertx-core-4.5.5.jar:4.5.5]
	at io.vertx.core.impl.future.Composition.onFailure(Composition.java:55) ~[vertx-core-4.5.5.jar:4.5.5]
	at io.vertx.core.impl.future.FutureBase.emitFailure(FutureBase.java:81) ~[vertx-core-4.5.5.jar:4.5.5]
	at io.vertx.core.impl.future.FutureImpl.tryFail(FutureImpl.java:278) ~[vertx-core-4.5.5.jar:4.5.5]
	at io.vertx.core.impl.ContextImpl.emit(ContextImpl.java:328) ~[vertx-core-4.5.5.jar:4.5.5]
	at io.vertx.core.impl.ContextImpl.emit(ContextImpl.java:321) ~[vertx-core-4.5.5.jar:4.5.5]
	at io.vertx.core.net.impl.NetClientImpl.failed(NetClientImpl.java:352) ~[vertx-core-4.5.5.jar:4.5.5]
	at io.vertx.core.net.impl.NetClientImpl.lambda$connectInternal2$6(NetClientImpl.java:324) ~[vertx-core-4.5.5.jar:4.5.5]
	at io.netty.util.concurrent.DefaultPromise.notifyListener0(DefaultPromise.java:590) ~[netty-common-4.1.107.Final.jar:4.1.107.Final]
	at io.netty.util.concurrent.DefaultPromise.notifyListenersNow(DefaultPromise.java:557) ~[netty-common-4.1.107.Final.jar:4.1.107.Final]
	at io.netty.util.concurrent.DefaultPromise.notifyListeners(DefaultPromise.java:492) ~[netty-common-4.1.107.Final.jar:4.1.107.Final]
	at io.netty.util.concurrent.DefaultPromise.setValue0(DefaultPromise.java:636) ~[netty-common-4.1.107.Final.jar:4.1.107.Final]
	at io.netty.util.concurrent.DefaultPromise.setFailure0(DefaultPromise.java:629) ~[netty-common-4.1.107.Final.jar:4.1.107.Final]
	at io.netty.util.concurrent.DefaultPromise.setFailure(DefaultPromise.java:110) ~[netty-common-4.1.107.Final.jar:4.1.107.Final]
	at io.vertx.core.net.impl.ChannelProvider.lambda$handleConnect$0(ChannelProvider.java:157) ~[vertx-core-4.5.5.jar:4.5.5]
	at io.netty.util.concurrent.DefaultPromise.notifyListener0(DefaultPromise.java:590) ~[netty-common-4.1.107.Final.jar:4.1.107.Final]
	at io.netty.util.concurrent.DefaultPromise.notifyListeners0(DefaultPromise.java:583) ~[netty-common-4.1.107.Final.jar:4.1.107.Final]
	at io.netty.util.concurrent.DefaultPromise.notifyListenersNow(DefaultPromise.java:559) ~[netty-common-4.1.107.Final.jar:4.1.107.Final]
	at io.netty.util.concurrent.DefaultPromise.notifyListeners(DefaultPromise.java:492) ~[netty-common-4.1.107.Final.jar:4.1.107.Final]
	at io.netty.util.concurrent.DefaultPromise.setValue0(DefaultPromise.java:636) ~[netty-common-4.1.107.Final.jar:4.1.107.Final]
	at io.netty.util.concurrent.DefaultPromise.setFailure0(DefaultPromise.java:629) ~[netty-common-4.1.107.Final.jar:4.1.107.Final]
	at io.netty.util.concurrent.DefaultPromise.tryFailure(DefaultPromise.java:118) ~[netty-common-4.1.107.Final.jar:4.1.107.Final]
	at io.netty.channel.nio.AbstractNioChannel$AbstractNioUnsafe.fulfillConnectPromise(AbstractNioChannel.java:322) ~[netty-transport-4.1.107.Final.jar:4.1.107.Final]
	at io.netty.channel.nio.AbstractNioChannel$AbstractNioUnsafe.finishConnect(AbstractNioChannel.java:338) ~[netty-transport-4.1.107.Final.jar:4.1.107.Final]
	at io.netty.channel.nio.NioEventLoop.processSelectedKey(NioEventLoop.java:776) ~[netty-transport-4.1.107.Final.jar:4.1.107.Final]
	at io.netty.channel.nio.NioEventLoop.processSelectedKeysOptimized(NioEventLoop.java:724) ~[netty-transport-4.1.107.Final.jar:4.1.107.Final]
	at io.netty.channel.nio.NioEventLoop.processSelectedKeys(NioEventLoop.java:650) ~[netty-transport-4.1.107.Final.jar:4.1.107.Final]
	at io.netty.channel.nio.NioEventLoop.run(NioEventLoop.java:562) ~[netty-transport-4.1.107.Final.jar:4.1.107.Final]
	at io.netty.util.concurrent.SingleThreadEventExecutor$4.run(SingleThreadEventExecutor.java:997) ~[netty-common-4.1.107.Final.jar:4.1.107.Final]
	at io.netty.util.internal.ThreadExecutorMap$2.run(ThreadExecutorMap.java:74) ~[netty-common-4.1.107.Final.jar:4.1.107.Final]
	at io.netty.util.concurrent.FastThreadLocalRunnable.run(FastThreadLocalRunnable.java:30) ~[netty-common-4.1.107.Final.jar:4.1.107.Final]
	at java.base/java.lang.Thread.run(Thread.java:840) ~[?:?]
2024-04-18 11:50:08 [main] INFO  it.progresslab.db.ArangoDBConnector - ArangoDB connector initialized on host localhost and port 8529
2024-04-18 11:50:08 [main] INFO  it.progresslab.db.ArangoDBConnector - ArangoDB connector initialized on host localhost and port 8529
2024-04-18 11:50:08 [main] ERROR it.progresslab.db.ArangoDBConnector - Exception retrieving document on DB PROGRESS_PROD collection User key 2863813: Cannot contact any host!
com.arangodb.ArangoDBException: Cannot contact any host!
	at com.arangodb.ArangoDBException.of(ArangoDBException.java:137) ~[core-7.6.0.jar:7.6.0]
	at com.arangodb.ArangoDBException.of(ArangoDBException.java:111) ~[core-7.6.0.jar:7.6.0]
	at com.arangodb.ArangoDBException.of(ArangoDBException.java:107) ~[core-7.6.0.jar:7.6.0]
	at com.arangodb.internal.net.CommunicationProtocol.execute(CommunicationProtocol.java:45) ~[core-7.6.0.jar:7.6.0]
	at com.arangodb.internal.ArangoExecutorSync.execute(ArangoExecutorSync.java:55) ~[core-7.6.0.jar:7.6.0]
	at com.arangodb.internal.ArangoExecutorSync.execute(ArangoExecutorSync.java:47) ~[core-7.6.0.jar:7.6.0]
	at com.arangodb.internal.ArangoCollectionImpl.getDocument(ArangoCollectionImpl.java:137) ~[core-7.6.0.jar:7.6.0]
	at com.arangodb.internal.ArangoCollectionImpl.getDocument(ArangoCollectionImpl.java:131) ~[core-7.6.0.jar:7.6.0]
	at it.progresslab.db.ArangoDBConnector.getDocumentAsJson(ArangoDBConnector.java:75) [classes/:?]
	at it.progresslab.App.main(App.java:14) [classes/:?]
Caused by: com.arangodb.ArangoDBMultipleException
	at com.arangodb.internal.net.FallbackHostHandler.checkNext(FallbackHostHandler.java:62) ~[core-7.6.0.jar:7.6.0]
	at com.arangodb.internal.net.DirtyReadHostHandler.checkNext(DirtyReadHostHandler.java:58) ~[core-7.6.0.jar:7.6.0]
	at com.arangodb.internal.net.Communication.handleException(Communication.java:126) ~[core-7.6.0.jar:7.6.0]
	at com.arangodb.internal.net.Communication.lambda$doExecuteAsync$0(Communication.java:82) ~[core-7.6.0.jar:7.6.0]
	at java.base/java.util.concurrent.CompletableFuture.uniWhenComplete(CompletableFuture.java:863) ~[?:?]
	at java.base/java.util.concurrent.CompletableFuture$UniWhenComplete.tryFire(CompletableFuture.java:841) ~[?:?]
	at java.base/java.util.concurrent.CompletableFuture.postComplete(CompletableFuture.java:510) ~[?:?]
	at java.base/java.util.concurrent.CompletableFuture.completeExceptionally(CompletableFuture.java:2162) ~[?:?]
	at io.vertx.core.impl.future.FutureImpl$2.onFailure(FutureImpl.java:117) ~[vertx-core-4.5.5.jar:4.5.5]
	at io.vertx.core.impl.future.FutureImpl$ListenerArray.onFailure(FutureImpl.java:316) ~[vertx-core-4.5.5.jar:4.5.5]
	at io.vertx.core.impl.future.FutureBase.emitFailure(FutureBase.java:81) ~[vertx-core-4.5.5.jar:4.5.5]
	at io.vertx.core.impl.future.FutureImpl.tryFail(FutureImpl.java:278) ~[vertx-core-4.5.5.jar:4.5.5]
	at io.vertx.core.impl.future.Mapping.onFailure(Mapping.java:45) ~[vertx-core-4.5.5.jar:4.5.5]
	at io.vertx.core.impl.future.FutureBase.emitFailure(FutureBase.java:81) ~[vertx-core-4.5.5.jar:4.5.5]
	at io.vertx.core.impl.future.FutureImpl.tryFail(FutureImpl.java:278) ~[vertx-core-4.5.5.jar:4.5.5]
	at io.vertx.core.impl.future.PromiseImpl.onFailure(PromiseImpl.java:54) ~[vertx-core-4.5.5.jar:4.5.5]
	at io.vertx.core.impl.future.PromiseImpl.handle(PromiseImpl.java:43) ~[vertx-core-4.5.5.jar:4.5.5]
	at io.vertx.core.impl.future.PromiseImpl.handle(PromiseImpl.java:23) ~[vertx-core-4.5.5.jar:4.5.5]
	at io.vertx.ext.web.client.impl.HttpContext.handleFailure(HttpContext.java:393) ~[vertx-web-client-4.5.5.jar:4.5.5]
	at io.vertx.ext.web.client.impl.HttpContext.execute(HttpContext.java:387) ~[vertx-web-client-4.5.5.jar:4.5.5]
	at io.vertx.ext.web.client.impl.HttpContext.next(HttpContext.java:362) ~[vertx-web-client-4.5.5.jar:4.5.5]
	at io.vertx.ext.web.client.impl.HttpContext.fire(HttpContext.java:329) ~[vertx-web-client-4.5.5.jar:4.5.5]
	at io.vertx.ext.web.client.impl.HttpContext.fail(HttpContext.java:310) ~[vertx-web-client-4.5.5.jar:4.5.5]
	at io.vertx.ext.web.client.impl.HttpContext.lambda$handleCreateRequest$6(HttpContext.java:493) ~[vertx-web-client-4.5.5.jar:4.5.5]
	at io.vertx.core.impl.future.FutureImpl$4.onFailure(FutureImpl.java:188) ~[vertx-core-4.5.5.jar:4.5.5]
	at io.vertx.core.impl.future.FutureBase.emitFailure(FutureBase.java:81) ~[vertx-core-4.5.5.jar:4.5.5]
	at io.vertx.core.impl.future.FutureImpl.tryFail(FutureImpl.java:278) ~[vertx-core-4.5.5.jar:4.5.5]
	at io.vertx.core.http.impl.HttpClientImpl.lambda$doRequest$4(HttpClientImpl.java:398) ~[vertx-core-4.5.5.jar:4.5.5]
	at io.vertx.core.net.impl.pool.Endpoint.lambda$getConnection$0(Endpoint.java:52) ~[vertx-core-4.5.5.jar:4.5.5]
	at io.vertx.core.http.impl.SharedClientHttpStreamEndpoint$Request.handle(SharedClientHttpStreamEndpoint.java:162) ~[vertx-core-4.5.5.jar:4.5.5]
	at io.vertx.core.http.impl.SharedClientHttpStreamEndpoint$Request.handle(SharedClientHttpStreamEndpoint.java:123) ~[vertx-core-4.5.5.jar:4.5.5]
	at io.vertx.core.impl.ContextImpl.emit(ContextImpl.java:328) ~[vertx-core-4.5.5.jar:4.5.5]
	at io.vertx.core.impl.ContextImpl.emit(ContextImpl.java:321) ~[vertx-core-4.5.5.jar:4.5.5]
	at io.vertx.core.net.impl.pool.SimpleConnectionPool$ConnectFailed$1.run(SimpleConnectionPool.java:380) ~[vertx-core-4.5.5.jar:4.5.5]
	at io.vertx.core.net.impl.pool.Task.runNextTasks(Task.java:43) ~[vertx-core-4.5.5.jar:4.5.5]
	at io.vertx.core.net.impl.pool.CombinerExecutor.submit(CombinerExecutor.java:91) ~[vertx-core-4.5.5.jar:4.5.5]
	at io.vertx.core.net.impl.pool.SimpleConnectionPool.execute(SimpleConnectionPool.java:244) ~[vertx-core-4.5.5.jar:4.5.5]
	at io.vertx.core.net.impl.pool.SimpleConnectionPool.lambda$connect$2(SimpleConnectionPool.java:258) ~[vertx-core-4.5.5.jar:4.5.5]
	at io.vertx.core.http.impl.SharedClientHttpStreamEndpoint.lambda$connect$2(SharedClientHttpStreamEndpoint.java:104) ~[vertx-core-4.5.5.jar:4.5.5]
	at io.vertx.core.impl.future.FutureImpl$4.onFailure(FutureImpl.java:188) ~[vertx-core-4.5.5.jar:4.5.5]
	at io.vertx.core.impl.future.FutureBase.emitFailure(FutureBase.java:81) ~[vertx-core-4.5.5.jar:4.5.5]
	at io.vertx.core.impl.future.FutureImpl.tryFail(FutureImpl.java:278) ~[vertx-core-4.5.5.jar:4.5.5]
	at io.vertx.core.impl.future.Composition$1.onFailure(Composition.java:66) ~[vertx-core-4.5.5.jar:4.5.5]
	at io.vertx.core.impl.future.FutureBase.emitFailure(FutureBase.java:81) ~[vertx-core-4.5.5.jar:4.5.5]
	at io.vertx.core.impl.future.FailedFuture.addListener(FailedFuture.java:98) ~[vertx-core-4.5.5.jar:4.5.5]
	at io.vertx.core.impl.future.Composition.onFailure(Composition.java:55) ~[vertx-core-4.5.5.jar:4.5.5]
	at io.vertx.core.impl.future.FutureBase.emitFailure(FutureBase.java:81) ~[vertx-core-4.5.5.jar:4.5.5]
	at io.vertx.core.impl.future.FutureImpl.tryFail(FutureImpl.java:278) ~[vertx-core-4.5.5.jar:4.5.5]
	at io.vertx.core.impl.ContextImpl.emit(ContextImpl.java:328) ~[vertx-core-4.5.5.jar:4.5.5]
	at io.vertx.core.impl.ContextImpl.emit(ContextImpl.java:321) ~[vertx-core-4.5.5.jar:4.5.5]
	at io.vertx.core.net.impl.NetClientImpl.failed(NetClientImpl.java:352) ~[vertx-core-4.5.5.jar:4.5.5]
	at io.vertx.core.net.impl.NetClientImpl.lambda$connectInternal2$6(NetClientImpl.java:324) ~[vertx-core-4.5.5.jar:4.5.5]
	at io.netty.util.concurrent.DefaultPromise.notifyListener0(DefaultPromise.java:590) ~[netty-common-4.1.107.Final.jar:4.1.107.Final]
	at io.netty.util.concurrent.DefaultPromise.notifyListenersNow(DefaultPromise.java:557) ~[netty-common-4.1.107.Final.jar:4.1.107.Final]
	at io.netty.util.concurrent.DefaultPromise.notifyListeners(DefaultPromise.java:492) ~[netty-common-4.1.107.Final.jar:4.1.107.Final]
	at io.netty.util.concurrent.DefaultPromise.setValue0(DefaultPromise.java:636) ~[netty-common-4.1.107.Final.jar:4.1.107.Final]
	at io.netty.util.concurrent.DefaultPromise.setFailure0(DefaultPromise.java:629) ~[netty-common-4.1.107.Final.jar:4.1.107.Final]
	at io.netty.util.concurrent.DefaultPromise.setFailure(DefaultPromise.java:110) ~[netty-common-4.1.107.Final.jar:4.1.107.Final]
	at io.vertx.core.net.impl.ChannelProvider.lambda$handleConnect$0(ChannelProvider.java:157) ~[vertx-core-4.5.5.jar:4.5.5]
	at io.netty.util.concurrent.DefaultPromise.notifyListener0(DefaultPromise.java:590) ~[netty-common-4.1.107.Final.jar:4.1.107.Final]
	at io.netty.util.concurrent.DefaultPromise.notifyListeners0(DefaultPromise.java:583) ~[netty-common-4.1.107.Final.jar:4.1.107.Final]
	at io.netty.util.concurrent.DefaultPromise.notifyListenersNow(DefaultPromise.java:559) ~[netty-common-4.1.107.Final.jar:4.1.107.Final]
	at io.netty.util.concurrent.DefaultPromise.notifyListeners(DefaultPromise.java:492) ~[netty-common-4.1.107.Final.jar:4.1.107.Final]
	at io.netty.util.concurrent.DefaultPromise.setValue0(DefaultPromise.java:636) ~[netty-common-4.1.107.Final.jar:4.1.107.Final]
	at io.netty.util.concurrent.DefaultPromise.setFailure0(DefaultPromise.java:629) ~[netty-common-4.1.107.Final.jar:4.1.107.Final]
	at io.netty.util.concurrent.DefaultPromise.tryFailure(DefaultPromise.java:118) ~[netty-common-4.1.107.Final.jar:4.1.107.Final]
	at io.netty.channel.nio.AbstractNioChannel$AbstractNioUnsafe.fulfillConnectPromise(AbstractNioChannel.java:322) ~[netty-transport-4.1.107.Final.jar:4.1.107.Final]
	at io.netty.channel.nio.AbstractNioChannel$AbstractNioUnsafe.finishConnect(AbstractNioChannel.java:338) ~[netty-transport-4.1.107.Final.jar:4.1.107.Final]
	at io.netty.channel.nio.NioEventLoop.processSelectedKey(NioEventLoop.java:776) ~[netty-transport-4.1.107.Final.jar:4.1.107.Final]
	at io.netty.channel.nio.NioEventLoop.processSelectedKeysOptimized(NioEventLoop.java:724) ~[netty-transport-4.1.107.Final.jar:4.1.107.Final]
	at io.netty.channel.nio.NioEventLoop.processSelectedKeys(NioEventLoop.java:650) ~[netty-transport-4.1.107.Final.jar:4.1.107.Final]
	at io.netty.channel.nio.NioEventLoop.run(NioEventLoop.java:562) ~[netty-transport-4.1.107.Final.jar:4.1.107.Final]
	at io.netty.util.concurrent.SingleThreadEventExecutor$4.run(SingleThreadEventExecutor.java:997) ~[netty-common-4.1.107.Final.jar:4.1.107.Final]
	at io.netty.util.internal.ThreadExecutorMap$2.run(ThreadExecutorMap.java:74) ~[netty-common-4.1.107.Final.jar:4.1.107.Final]
	at io.netty.util.concurrent.FastThreadLocalRunnable.run(FastThreadLocalRunnable.java:30) ~[netty-common-4.1.107.Final.jar:4.1.107.Final]
	at java.base/java.lang.Thread.run(Thread.java:840) ~[?:?]
2024-04-18 11:50:08 [main] ERROR it.progresslab.db.ArangoDBConnector - Exception retrieving document on DB PROGRESS_PROD collection User key 2863813: Cannot contact any host!
com.arangodb.ArangoDBException: Cannot contact any host!
	at com.arangodb.ArangoDBException.of(ArangoDBException.java:137) ~[core-7.6.0.jar:7.6.0]
	at com.arangodb.ArangoDBException.of(ArangoDBException.java:111) ~[core-7.6.0.jar:7.6.0]
	at com.arangodb.ArangoDBException.of(ArangoDBException.java:107) ~[core-7.6.0.jar:7.6.0]
	at com.arangodb.internal.net.CommunicationProtocol.execute(CommunicationProtocol.java:45) ~[core-7.6.0.jar:7.6.0]
	at com.arangodb.internal.ArangoExecutorSync.execute(ArangoExecutorSync.java:55) ~[core-7.6.0.jar:7.6.0]
	at com.arangodb.internal.ArangoExecutorSync.execute(ArangoExecutorSync.java:47) ~[core-7.6.0.jar:7.6.0]
	at com.arangodb.internal.ArangoCollectionImpl.getDocument(ArangoCollectionImpl.java:137) ~[core-7.6.0.jar:7.6.0]
	at com.arangodb.internal.ArangoCollectionImpl.getDocument(ArangoCollectionImpl.java:131) ~[core-7.6.0.jar:7.6.0]
	at it.progresslab.db.ArangoDBConnector.getDocumentAsJson(ArangoDBConnector.java:75) [classes/:?]
	at it.progresslab.App.main(App.java:14) [classes/:?]
Caused by: com.arangodb.ArangoDBMultipleException
	at com.arangodb.internal.net.FallbackHostHandler.checkNext(FallbackHostHandler.java:62) ~[core-7.6.0.jar:7.6.0]
	at com.arangodb.internal.net.DirtyReadHostHandler.checkNext(DirtyReadHostHandler.java:58) ~[core-7.6.0.jar:7.6.0]
	at com.arangodb.internal.net.Communication.handleException(Communication.java:126) ~[core-7.6.0.jar:7.6.0]
	at com.arangodb.internal.net.Communication.lambda$doExecuteAsync$0(Communication.java:82) ~[core-7.6.0.jar:7.6.0]
	at java.base/java.util.concurrent.CompletableFuture.uniWhenComplete(CompletableFuture.java:863) ~[?:?]
	at java.base/java.util.concurrent.CompletableFuture$UniWhenComplete.tryFire(CompletableFuture.java:841) ~[?:?]
	at java.base/java.util.concurrent.CompletableFuture.postComplete(CompletableFuture.java:510) ~[?:?]
	at java.base/java.util.concurrent.CompletableFuture.completeExceptionally(CompletableFuture.java:2162) ~[?:?]
	at io.vertx.core.impl.future.FutureImpl$2.onFailure(FutureImpl.java:117) ~[vertx-core-4.5.5.jar:4.5.5]
	at io.vertx.core.impl.future.FutureImpl$ListenerArray.onFailure(FutureImpl.java:316) ~[vertx-core-4.5.5.jar:4.5.5]
	at io.vertx.core.impl.future.FutureBase.emitFailure(FutureBase.java:81) ~[vertx-core-4.5.5.jar:4.5.5]
	at io.vertx.core.impl.future.FutureImpl.tryFail(FutureImpl.java:278) ~[vertx-core-4.5.5.jar:4.5.5]
	at io.vertx.core.impl.future.Mapping.onFailure(Mapping.java:45) ~[vertx-core-4.5.5.jar:4.5.5]
	at io.vertx.core.impl.future.FutureBase.emitFailure(FutureBase.java:81) ~[vertx-core-4.5.5.jar:4.5.5]
	at io.vertx.core.impl.future.FutureImpl.tryFail(FutureImpl.java:278) ~[vertx-core-4.5.5.jar:4.5.5]
	at io.vertx.core.impl.future.PromiseImpl.onFailure(PromiseImpl.java:54) ~[vertx-core-4.5.5.jar:4.5.5]
	at io.vertx.core.impl.future.PromiseImpl.handle(PromiseImpl.java:43) ~[vertx-core-4.5.5.jar:4.5.5]
	at io.vertx.core.impl.future.PromiseImpl.handle(PromiseImpl.java:23) ~[vertx-core-4.5.5.jar:4.5.5]
	at io.vertx.ext.web.client.impl.HttpContext.handleFailure(HttpContext.java:393) ~[vertx-web-client-4.5.5.jar:4.5.5]
	at io.vertx.ext.web.client.impl.HttpContext.execute(HttpContext.java:387) ~[vertx-web-client-4.5.5.jar:4.5.5]
	at io.vertx.ext.web.client.impl.HttpContext.next(HttpContext.java:362) ~[vertx-web-client-4.5.5.jar:4.5.5]
	at io.vertx.ext.web.client.impl.HttpContext.fire(HttpContext.java:329) ~[vertx-web-client-4.5.5.jar:4.5.5]
	at io.vertx.ext.web.client.impl.HttpContext.fail(HttpContext.java:310) ~[vertx-web-client-4.5.5.jar:4.5.5]
	at io.vertx.ext.web.client.impl.HttpContext.lambda$handleCreateRequest$6(HttpContext.java:493) ~[vertx-web-client-4.5.5.jar:4.5.5]
	at io.vertx.core.impl.future.FutureImpl$4.onFailure(FutureImpl.java:188) ~[vertx-core-4.5.5.jar:4.5.5]
	at io.vertx.core.impl.future.FutureBase.emitFailure(FutureBase.java:81) ~[vertx-core-4.5.5.jar:4.5.5]
	at io.vertx.core.impl.future.FutureImpl.tryFail(FutureImpl.java:278) ~[vertx-core-4.5.5.jar:4.5.5]
	at io.vertx.core.http.impl.HttpClientImpl.lambda$doRequest$4(HttpClientImpl.java:398) ~[vertx-core-4.5.5.jar:4.5.5]
	at io.vertx.core.net.impl.pool.Endpoint.lambda$getConnection$0(Endpoint.java:52) ~[vertx-core-4.5.5.jar:4.5.5]
	at io.vertx.core.http.impl.SharedClientHttpStreamEndpoint$Request.handle(SharedClientHttpStreamEndpoint.java:162) ~[vertx-core-4.5.5.jar:4.5.5]
	at io.vertx.core.http.impl.SharedClientHttpStreamEndpoint$Request.handle(SharedClientHttpStreamEndpoint.java:123) ~[vertx-core-4.5.5.jar:4.5.5]
	at io.vertx.core.impl.ContextImpl.emit(ContextImpl.java:328) ~[vertx-core-4.5.5.jar:4.5.5]
	at io.vertx.core.impl.ContextImpl.emit(ContextImpl.java:321) ~[vertx-core-4.5.5.jar:4.5.5]
	at io.vertx.core.net.impl.pool.SimpleConnectionPool$ConnectFailed$1.run(SimpleConnectionPool.java:380) ~[vertx-core-4.5.5.jar:4.5.5]
	at io.vertx.core.net.impl.pool.Task.runNextTasks(Task.java:43) ~[vertx-core-4.5.5.jar:4.5.5]
	at io.vertx.core.net.impl.pool.CombinerExecutor.submit(CombinerExecutor.java:91) ~[vertx-core-4.5.5.jar:4.5.5]
	at io.vertx.core.net.impl.pool.SimpleConnectionPool.execute(SimpleConnectionPool.java:244) ~[vertx-core-4.5.5.jar:4.5.5]
	at io.vertx.core.net.impl.pool.SimpleConnectionPool.lambda$connect$2(SimpleConnectionPool.java:258) ~[vertx-core-4.5.5.jar:4.5.5]
	at io.vertx.core.http.impl.SharedClientHttpStreamEndpoint.lambda$connect$2(SharedClientHttpStreamEndpoint.java:104) ~[vertx-core-4.5.5.jar:4.5.5]
	at io.vertx.core.impl.future.FutureImpl$4.onFailure(FutureImpl.java:188) ~[vertx-core-4.5.5.jar:4.5.5]
	at io.vertx.core.impl.future.FutureBase.emitFailure(FutureBase.java:81) ~[vertx-core-4.5.5.jar:4.5.5]
	at io.vertx.core.impl.future.FutureImpl.tryFail(FutureImpl.java:278) ~[vertx-core-4.5.5.jar:4.5.5]
	at io.vertx.core.impl.future.Composition$1.onFailure(Composition.java:66) ~[vertx-core-4.5.5.jar:4.5.5]
	at io.vertx.core.impl.future.FutureBase.emitFailure(FutureBase.java:81) ~[vertx-core-4.5.5.jar:4.5.5]
	at io.vertx.core.impl.future.FailedFuture.addListener(FailedFuture.java:98) ~[vertx-core-4.5.5.jar:4.5.5]
	at io.vertx.core.impl.future.Composition.onFailure(Composition.java:55) ~[vertx-core-4.5.5.jar:4.5.5]
	at io.vertx.core.impl.future.FutureBase.emitFailure(FutureBase.java:81) ~[vertx-core-4.5.5.jar:4.5.5]
	at io.vertx.core.impl.future.FutureImpl.tryFail(FutureImpl.java:278) ~[vertx-core-4.5.5.jar:4.5.5]
	at io.vertx.core.impl.ContextImpl.emit(ContextImpl.java:328) ~[vertx-core-4.5.5.jar:4.5.5]
	at io.vertx.core.impl.ContextImpl.emit(ContextImpl.java:321) ~[vertx-core-4.5.5.jar:4.5.5]
	at io.vertx.core.net.impl.NetClientImpl.failed(NetClientImpl.java:352) ~[vertx-core-4.5.5.jar:4.5.5]
	at io.vertx.core.net.impl.NetClientImpl.lambda$connectInternal2$6(NetClientImpl.java:324) ~[vertx-core-4.5.5.jar:4.5.5]
	at io.netty.util.concurrent.DefaultPromise.notifyListener0(DefaultPromise.java:590) ~[netty-common-4.1.107.Final.jar:4.1.107.Final]
	at io.netty.util.concurrent.DefaultPromise.notifyListenersNow(DefaultPromise.java:557) ~[netty-common-4.1.107.Final.jar:4.1.107.Final]
	at io.netty.util.concurrent.DefaultPromise.notifyListeners(DefaultPromise.java:492) ~[netty-common-4.1.107.Final.jar:4.1.107.Final]
	at io.netty.util.concurrent.DefaultPromise.setValue0(DefaultPromise.java:636) ~[netty-common-4.1.107.Final.jar:4.1.107.Final]
	at io.netty.util.concurrent.DefaultPromise.setFailure0(DefaultPromise.java:629) ~[netty-common-4.1.107.Final.jar:4.1.107.Final]
	at io.netty.util.concurrent.DefaultPromise.setFailure(DefaultPromise.java:110) ~[netty-common-4.1.107.Final.jar:4.1.107.Final]
	at io.vertx.core.net.impl.ChannelProvider.lambda$handleConnect$0(ChannelProvider.java:157) ~[vertx-core-4.5.5.jar:4.5.5]
	at io.netty.util.concurrent.DefaultPromise.notifyListener0(DefaultPromise.java:590) ~[netty-common-4.1.107.Final.jar:4.1.107.Final]
	at io.netty.util.concurrent.DefaultPromise.notifyListeners0(DefaultPromise.java:583) ~[netty-common-4.1.107.Final.jar:4.1.107.Final]
	at io.netty.util.concurrent.DefaultPromise.notifyListenersNow(DefaultPromise.java:559) ~[netty-common-4.1.107.Final.jar:4.1.107.Final]
	at io.netty.util.concurrent.DefaultPromise.notifyListeners(DefaultPromise.java:492) ~[netty-common-4.1.107.Final.jar:4.1.107.Final]
	at io.netty.util.concurrent.DefaultPromise.setValue0(DefaultPromise.java:636) ~[netty-common-4.1.107.Final.jar:4.1.107.Final]
	at io.netty.util.concurrent.DefaultPromise.setFailure0(DefaultPromise.java:629) ~[netty-common-4.1.107.Final.jar:4.1.107.Final]
	at io.netty.util.concurrent.DefaultPromise.tryFailure(DefaultPromise.java:118) ~[netty-common-4.1.107.Final.jar:4.1.107.Final]
	at io.netty.channel.nio.AbstractNioChannel$AbstractNioUnsafe.fulfillConnectPromise(AbstractNioChannel.java:322) ~[netty-transport-4.1.107.Final.jar:4.1.107.Final]
	at io.netty.channel.nio.AbstractNioChannel$AbstractNioUnsafe.finishConnect(AbstractNioChannel.java:338) ~[netty-transport-4.1.107.Final.jar:4.1.107.Final]
	at io.netty.channel.nio.NioEventLoop.processSelectedKey(NioEventLoop.java:776) ~[netty-transport-4.1.107.Final.jar:4.1.107.Final]
	at io.netty.channel.nio.NioEventLoop.processSelectedKeysOptimized(NioEventLoop.java:724) ~[netty-transport-4.1.107.Final.jar:4.1.107.Final]
	at io.netty.channel.nio.NioEventLoop.processSelectedKeys(NioEventLoop.java:650) ~[netty-transport-4.1.107.Final.jar:4.1.107.Final]
	at io.netty.channel.nio.NioEventLoop.run(NioEventLoop.java:562) ~[netty-transport-4.1.107.Final.jar:4.1.107.Final]
	at io.netty.util.concurrent.SingleThreadEventExecutor$4.run(SingleThreadEventExecutor.java:997) ~[netty-common-4.1.107.Final.jar:4.1.107.Final]
	at io.netty.util.internal.ThreadExecutorMap$2.run(ThreadExecutorMap.java:74) ~[netty-common-4.1.107.Final.jar:4.1.107.Final]
	at io.netty.util.concurrent.FastThreadLocalRunnable.run(FastThreadLocalRunnable.java:30) ~[netty-common-4.1.107.Final.jar:4.1.107.Final]
	at java.base/java.lang.Thread.run(Thread.java:840) ~[?:?]
2024-04-18 11:50:52 [main] INFO  it.progresslab.db.ArangoDBConnector - ArangoDB connector initialized on host localhost and port 8529
2024-04-18 11:50:52 [main] INFO  it.progresslab.db.ArangoDBConnector - ArangoDB connector initialized on host localhost and port 8529
2024-04-18 11:54:57 [main] ERROR it.progresslab.db.ArangoDBConnector - Exception retrieving document on DB PROGRESS_PROD collection User key 2863813: Cannot contact any host!
com.arangodb.ArangoDBException: Cannot contact any host!
	at com.arangodb.ArangoDBException.of(ArangoDBException.java:137) ~[core-7.6.0.jar:7.6.0]
	at com.arangodb.ArangoDBException.of(ArangoDBException.java:111) ~[core-7.6.0.jar:7.6.0]
	at com.arangodb.ArangoDBException.of(ArangoDBException.java:107) ~[core-7.6.0.jar:7.6.0]
	at com.arangodb.internal.net.CommunicationProtocol.execute(CommunicationProtocol.java:45) ~[core-7.6.0.jar:7.6.0]
	at com.arangodb.internal.ArangoExecutorSync.execute(ArangoExecutorSync.java:55) ~[core-7.6.0.jar:7.6.0]
	at com.arangodb.internal.ArangoExecutorSync.execute(ArangoExecutorSync.java:47) ~[core-7.6.0.jar:7.6.0]
	at com.arangodb.internal.ArangoCollectionImpl.getDocument(ArangoCollectionImpl.java:137) ~[core-7.6.0.jar:7.6.0]
	at com.arangodb.internal.ArangoCollectionImpl.getDocument(ArangoCollectionImpl.java:131) ~[core-7.6.0.jar:7.6.0]
	at it.progresslab.db.ArangoDBConnector.getDocumentAsJson(ArangoDBConnector.java:75) [classes/:?]
	at it.progresslab.App.main(App.java:14) [classes/:?]
Caused by: com.arangodb.ArangoDBMultipleException
	at com.arangodb.internal.net.FallbackHostHandler.checkNext(FallbackHostHandler.java:62) ~[core-7.6.0.jar:7.6.0]
	at com.arangodb.internal.net.DirtyReadHostHandler.checkNext(DirtyReadHostHandler.java:58) ~[core-7.6.0.jar:7.6.0]
	at com.arangodb.internal.net.Communication.handleException(Communication.java:126) ~[core-7.6.0.jar:7.6.0]
	at com.arangodb.internal.net.Communication.lambda$doExecuteAsync$0(Communication.java:82) ~[core-7.6.0.jar:7.6.0]
	at java.base/java.util.concurrent.CompletableFuture.uniWhenComplete(CompletableFuture.java:863) ~[?:?]
	at java.base/java.util.concurrent.CompletableFuture$UniWhenComplete.tryFire(CompletableFuture.java:841) ~[?:?]
	at java.base/java.util.concurrent.CompletableFuture.postComplete(CompletableFuture.java:510) ~[?:?]
	at java.base/java.util.concurrent.CompletableFuture.completeExceptionally(CompletableFuture.java:2162) ~[?:?]
	at io.vertx.core.impl.future.FutureImpl$2.onFailure(FutureImpl.java:117) ~[vertx-core-4.5.5.jar:4.5.5]
	at io.vertx.core.impl.future.FutureImpl$ListenerArray.onFailure(FutureImpl.java:316) ~[vertx-core-4.5.5.jar:4.5.5]
	at io.vertx.core.impl.future.FutureBase.emitFailure(FutureBase.java:81) ~[vertx-core-4.5.5.jar:4.5.5]
	at io.vertx.core.impl.future.FutureImpl.tryFail(FutureImpl.java:278) ~[vertx-core-4.5.5.jar:4.5.5]
	at io.vertx.core.impl.future.Mapping.onFailure(Mapping.java:45) ~[vertx-core-4.5.5.jar:4.5.5]
	at io.vertx.core.impl.future.FutureBase.emitFailure(FutureBase.java:81) ~[vertx-core-4.5.5.jar:4.5.5]
	at io.vertx.core.impl.future.FutureImpl.tryFail(FutureImpl.java:278) ~[vertx-core-4.5.5.jar:4.5.5]
	at io.vertx.core.impl.future.PromiseImpl.onFailure(PromiseImpl.java:54) ~[vertx-core-4.5.5.jar:4.5.5]
	at io.vertx.core.impl.future.PromiseImpl.handle(PromiseImpl.java:43) ~[vertx-core-4.5.5.jar:4.5.5]
	at io.vertx.core.impl.future.PromiseImpl.handle(PromiseImpl.java:23) ~[vertx-core-4.5.5.jar:4.5.5]
	at io.vertx.ext.web.client.impl.HttpContext.handleFailure(HttpContext.java:393) ~[vertx-web-client-4.5.5.jar:4.5.5]
	at io.vertx.ext.web.client.impl.HttpContext.execute(HttpContext.java:387) ~[vertx-web-client-4.5.5.jar:4.5.5]
	at io.vertx.ext.web.client.impl.HttpContext.next(HttpContext.java:362) ~[vertx-web-client-4.5.5.jar:4.5.5]
	at io.vertx.ext.web.client.impl.HttpContext.fire(HttpContext.java:329) ~[vertx-web-client-4.5.5.jar:4.5.5]
	at io.vertx.ext.web.client.impl.HttpContext.fail(HttpContext.java:310) ~[vertx-web-client-4.5.5.jar:4.5.5]
	at io.vertx.ext.web.client.impl.HttpContext.lambda$handleCreateRequest$6(HttpContext.java:493) ~[vertx-web-client-4.5.5.jar:4.5.5]
	at io.vertx.core.impl.future.FutureImpl$4.onFailure(FutureImpl.java:188) ~[vertx-core-4.5.5.jar:4.5.5]
	at io.vertx.core.impl.future.FutureBase.emitFailure(FutureBase.java:81) ~[vertx-core-4.5.5.jar:4.5.5]
	at io.vertx.core.impl.future.FutureImpl.tryFail(FutureImpl.java:278) ~[vertx-core-4.5.5.jar:4.5.5]
	at io.vertx.core.http.impl.HttpClientImpl.lambda$doRequest$4(HttpClientImpl.java:398) ~[vertx-core-4.5.5.jar:4.5.5]
	at io.vertx.core.net.impl.pool.Endpoint.lambda$getConnection$0(Endpoint.java:52) ~[vertx-core-4.5.5.jar:4.5.5]
	at io.vertx.core.http.impl.SharedClientHttpStreamEndpoint$Request.handle(SharedClientHttpStreamEndpoint.java:162) ~[vertx-core-4.5.5.jar:4.5.5]
	at io.vertx.core.http.impl.SharedClientHttpStreamEndpoint$Request.handle(SharedClientHttpStreamEndpoint.java:123) ~[vertx-core-4.5.5.jar:4.5.5]
	at io.vertx.core.impl.ContextImpl.emit(ContextImpl.java:328) ~[vertx-core-4.5.5.jar:4.5.5]
	at io.vertx.core.impl.ContextImpl.emit(ContextImpl.java:321) ~[vertx-core-4.5.5.jar:4.5.5]
	at io.vertx.core.net.impl.pool.SimpleConnectionPool$ConnectFailed$1.run(SimpleConnectionPool.java:380) ~[vertx-core-4.5.5.jar:4.5.5]
	at io.vertx.core.net.impl.pool.Task.runNextTasks(Task.java:43) ~[vertx-core-4.5.5.jar:4.5.5]
	at io.vertx.core.net.impl.pool.CombinerExecutor.submit(CombinerExecutor.java:91) ~[vertx-core-4.5.5.jar:4.5.5]
	at io.vertx.core.net.impl.pool.SimpleConnectionPool.execute(SimpleConnectionPool.java:244) ~[vertx-core-4.5.5.jar:4.5.5]
	at io.vertx.core.net.impl.pool.SimpleConnectionPool.lambda$connect$2(SimpleConnectionPool.java:258) ~[vertx-core-4.5.5.jar:4.5.5]
	at io.vertx.core.http.impl.SharedClientHttpStreamEndpoint.lambda$connect$2(SharedClientHttpStreamEndpoint.java:104) ~[vertx-core-4.5.5.jar:4.5.5]
	at io.vertx.core.impl.future.FutureImpl$4.onFailure(FutureImpl.java:188) ~[vertx-core-4.5.5.jar:4.5.5]
	at io.vertx.core.impl.future.FutureBase.emitFailure(FutureBase.java:81) ~[vertx-core-4.5.5.jar:4.5.5]
	at io.vertx.core.impl.future.FutureImpl.tryFail(FutureImpl.java:278) ~[vertx-core-4.5.5.jar:4.5.5]
	at io.vertx.core.impl.future.Composition$1.onFailure(Composition.java:66) ~[vertx-core-4.5.5.jar:4.5.5]
	at io.vertx.core.impl.future.FutureBase.emitFailure(FutureBase.java:81) ~[vertx-core-4.5.5.jar:4.5.5]
	at io.vertx.core.impl.future.FailedFuture.addListener(FailedFuture.java:98) ~[vertx-core-4.5.5.jar:4.5.5]
	at io.vertx.core.impl.future.Composition.onFailure(Composition.java:55) ~[vertx-core-4.5.5.jar:4.5.5]
	at io.vertx.core.impl.future.FutureBase.emitFailure(FutureBase.java:81) ~[vertx-core-4.5.5.jar:4.5.5]
	at io.vertx.core.impl.future.FutureImpl.tryFail(FutureImpl.java:278) ~[vertx-core-4.5.5.jar:4.5.5]
	at io.vertx.core.impl.ContextImpl.emit(ContextImpl.java:328) ~[vertx-core-4.5.5.jar:4.5.5]
	at io.vertx.core.impl.ContextImpl.emit(ContextImpl.java:321) ~[vertx-core-4.5.5.jar:4.5.5]
	at io.vertx.core.net.impl.NetClientImpl.failed(NetClientImpl.java:352) ~[vertx-core-4.5.5.jar:4.5.5]
	at io.vertx.core.net.impl.NetClientImpl.lambda$connectInternal2$6(NetClientImpl.java:324) ~[vertx-core-4.5.5.jar:4.5.5]
	at io.netty.util.concurrent.DefaultPromise.notifyListener0(DefaultPromise.java:590) ~[netty-common-4.1.107.Final.jar:4.1.107.Final]
	at io.netty.util.concurrent.DefaultPromise.notifyListenersNow(DefaultPromise.java:557) ~[netty-common-4.1.107.Final.jar:4.1.107.Final]
	at io.netty.util.concurrent.DefaultPromise.notifyListeners(DefaultPromise.java:492) ~[netty-common-4.1.107.Final.jar:4.1.107.Final]
	at io.netty.util.concurrent.DefaultPromise.setValue0(DefaultPromise.java:636) ~[netty-common-4.1.107.Final.jar:4.1.107.Final]
	at io.netty.util.concurrent.DefaultPromise.setFailure0(DefaultPromise.java:629) ~[netty-common-4.1.107.Final.jar:4.1.107.Final]
	at io.netty.util.concurrent.DefaultPromise.setFailure(DefaultPromise.java:110) ~[netty-common-4.1.107.Final.jar:4.1.107.Final]
	at io.vertx.core.net.impl.ChannelProvider.lambda$handleConnect$0(ChannelProvider.java:157) ~[vertx-core-4.5.5.jar:4.5.5]
	at io.netty.util.concurrent.DefaultPromise.notifyListener0(DefaultPromise.java:590) ~[netty-common-4.1.107.Final.jar:4.1.107.Final]
	at io.netty.util.concurrent.DefaultPromise.notifyListeners0(DefaultPromise.java:583) ~[netty-common-4.1.107.Final.jar:4.1.107.Final]
	at io.netty.util.concurrent.DefaultPromise.notifyListenersNow(DefaultPromise.java:559) ~[netty-common-4.1.107.Final.jar:4.1.107.Final]
	at io.netty.util.concurrent.DefaultPromise.notifyListeners(DefaultPromise.java:492) ~[netty-common-4.1.107.Final.jar:4.1.107.Final]
	at io.netty.util.concurrent.DefaultPromise.setValue0(DefaultPromise.java:636) ~[netty-common-4.1.107.Final.jar:4.1.107.Final]
	at io.netty.util.concurrent.DefaultPromise.setFailure0(DefaultPromise.java:629) ~[netty-common-4.1.107.Final.jar:4.1.107.Final]
	at io.netty.util.concurrent.DefaultPromise.tryFailure(DefaultPromise.java:118) ~[netty-common-4.1.107.Final.jar:4.1.107.Final]
	at io.netty.channel.nio.AbstractNioChannel$AbstractNioUnsafe.fulfillConnectPromise(AbstractNioChannel.java:322) ~[netty-transport-4.1.107.Final.jar:4.1.107.Final]
	at io.netty.channel.nio.AbstractNioChannel$AbstractNioUnsafe.finishConnect(AbstractNioChannel.java:338) ~[netty-transport-4.1.107.Final.jar:4.1.107.Final]
	at io.netty.channel.nio.NioEventLoop.processSelectedKey(NioEventLoop.java:776) ~[netty-transport-4.1.107.Final.jar:4.1.107.Final]
	at io.netty.channel.nio.NioEventLoop.processSelectedKeysOptimized(NioEventLoop.java:724) ~[netty-transport-4.1.107.Final.jar:4.1.107.Final]
	at io.netty.channel.nio.NioEventLoop.processSelectedKeys(NioEventLoop.java:650) ~[netty-transport-4.1.107.Final.jar:4.1.107.Final]
	at io.netty.channel.nio.NioEventLoop.run(NioEventLoop.java:562) ~[netty-transport-4.1.107.Final.jar:4.1.107.Final]
	at io.netty.util.concurrent.SingleThreadEventExecutor$4.run(SingleThreadEventExecutor.java:997) ~[netty-common-4.1.107.Final.jar:4.1.107.Final]
	at io.netty.util.internal.ThreadExecutorMap$2.run(ThreadExecutorMap.java:74) ~[netty-common-4.1.107.Final.jar:4.1.107.Final]
	at io.netty.util.concurrent.FastThreadLocalRunnable.run(FastThreadLocalRunnable.java:30) ~[netty-common-4.1.107.Final.jar:4.1.107.Final]
	at java.base/java.lang.Thread.run(Thread.java:840) ~[?:?]
2024-04-18 11:54:57 [main] ERROR it.progresslab.db.ArangoDBConnector - Exception retrieving document on DB PROGRESS_PROD collection User key 2863813: Cannot contact any host!
com.arangodb.ArangoDBException: Cannot contact any host!
	at com.arangodb.ArangoDBException.of(ArangoDBException.java:137) ~[core-7.6.0.jar:7.6.0]
	at com.arangodb.ArangoDBException.of(ArangoDBException.java:111) ~[core-7.6.0.jar:7.6.0]
	at com.arangodb.ArangoDBException.of(ArangoDBException.java:107) ~[core-7.6.0.jar:7.6.0]
	at com.arangodb.internal.net.CommunicationProtocol.execute(CommunicationProtocol.java:45) ~[core-7.6.0.jar:7.6.0]
	at com.arangodb.internal.ArangoExecutorSync.execute(ArangoExecutorSync.java:55) ~[core-7.6.0.jar:7.6.0]
	at com.arangodb.internal.ArangoExecutorSync.execute(ArangoExecutorSync.java:47) ~[core-7.6.0.jar:7.6.0]
	at com.arangodb.internal.ArangoCollectionImpl.getDocument(ArangoCollectionImpl.java:137) ~[core-7.6.0.jar:7.6.0]
	at com.arangodb.internal.ArangoCollectionImpl.getDocument(ArangoCollectionImpl.java:131) ~[core-7.6.0.jar:7.6.0]
	at it.progresslab.db.ArangoDBConnector.getDocumentAsJson(ArangoDBConnector.java:75) [classes/:?]
	at it.progresslab.App.main(App.java:14) [classes/:?]
Caused by: com.arangodb.ArangoDBMultipleException
	at com.arangodb.internal.net.FallbackHostHandler.checkNext(FallbackHostHandler.java:62) ~[core-7.6.0.jar:7.6.0]
	at com.arangodb.internal.net.DirtyReadHostHandler.checkNext(DirtyReadHostHandler.java:58) ~[core-7.6.0.jar:7.6.0]
	at com.arangodb.internal.net.Communication.handleException(Communication.java:126) ~[core-7.6.0.jar:7.6.0]
	at com.arangodb.internal.net.Communication.lambda$doExecuteAsync$0(Communication.java:82) ~[core-7.6.0.jar:7.6.0]
	at java.base/java.util.concurrent.CompletableFuture.uniWhenComplete(CompletableFuture.java:863) ~[?:?]
	at java.base/java.util.concurrent.CompletableFuture$UniWhenComplete.tryFire(CompletableFuture.java:841) ~[?:?]
	at java.base/java.util.concurrent.CompletableFuture.postComplete(CompletableFuture.java:510) ~[?:?]
	at java.base/java.util.concurrent.CompletableFuture.completeExceptionally(CompletableFuture.java:2162) ~[?:?]
	at io.vertx.core.impl.future.FutureImpl$2.onFailure(FutureImpl.java:117) ~[vertx-core-4.5.5.jar:4.5.5]
	at io.vertx.core.impl.future.FutureImpl$ListenerArray.onFailure(FutureImpl.java:316) ~[vertx-core-4.5.5.jar:4.5.5]
	at io.vertx.core.impl.future.FutureBase.emitFailure(FutureBase.java:81) ~[vertx-core-4.5.5.jar:4.5.5]
	at io.vertx.core.impl.future.FutureImpl.tryFail(FutureImpl.java:278) ~[vertx-core-4.5.5.jar:4.5.5]
	at io.vertx.core.impl.future.Mapping.onFailure(Mapping.java:45) ~[vertx-core-4.5.5.jar:4.5.5]
	at io.vertx.core.impl.future.FutureBase.emitFailure(FutureBase.java:81) ~[vertx-core-4.5.5.jar:4.5.5]
	at io.vertx.core.impl.future.FutureImpl.tryFail(FutureImpl.java:278) ~[vertx-core-4.5.5.jar:4.5.5]
	at io.vertx.core.impl.future.PromiseImpl.onFailure(PromiseImpl.java:54) ~[vertx-core-4.5.5.jar:4.5.5]
	at io.vertx.core.impl.future.PromiseImpl.handle(PromiseImpl.java:43) ~[vertx-core-4.5.5.jar:4.5.5]
	at io.vertx.core.impl.future.PromiseImpl.handle(PromiseImpl.java:23) ~[vertx-core-4.5.5.jar:4.5.5]
	at io.vertx.ext.web.client.impl.HttpContext.handleFailure(HttpContext.java:393) ~[vertx-web-client-4.5.5.jar:4.5.5]
	at io.vertx.ext.web.client.impl.HttpContext.execute(HttpContext.java:387) ~[vertx-web-client-4.5.5.jar:4.5.5]
	at io.vertx.ext.web.client.impl.HttpContext.next(HttpContext.java:362) ~[vertx-web-client-4.5.5.jar:4.5.5]
	at io.vertx.ext.web.client.impl.HttpContext.fire(HttpContext.java:329) ~[vertx-web-client-4.5.5.jar:4.5.5]
	at io.vertx.ext.web.client.impl.HttpContext.fail(HttpContext.java:310) ~[vertx-web-client-4.5.5.jar:4.5.5]
	at io.vertx.ext.web.client.impl.HttpContext.lambda$handleCreateRequest$6(HttpContext.java:493) ~[vertx-web-client-4.5.5.jar:4.5.5]
	at io.vertx.core.impl.future.FutureImpl$4.onFailure(FutureImpl.java:188) ~[vertx-core-4.5.5.jar:4.5.5]
	at io.vertx.core.impl.future.FutureBase.emitFailure(FutureBase.java:81) ~[vertx-core-4.5.5.jar:4.5.5]
	at io.vertx.core.impl.future.FutureImpl.tryFail(FutureImpl.java:278) ~[vertx-core-4.5.5.jar:4.5.5]
	at io.vertx.core.http.impl.HttpClientImpl.lambda$doRequest$4(HttpClientImpl.java:398) ~[vertx-core-4.5.5.jar:4.5.5]
	at io.vertx.core.net.impl.pool.Endpoint.lambda$getConnection$0(Endpoint.java:52) ~[vertx-core-4.5.5.jar:4.5.5]
	at io.vertx.core.http.impl.SharedClientHttpStreamEndpoint$Request.handle(SharedClientHttpStreamEndpoint.java:162) ~[vertx-core-4.5.5.jar:4.5.5]
	at io.vertx.core.http.impl.SharedClientHttpStreamEndpoint$Request.handle(SharedClientHttpStreamEndpoint.java:123) ~[vertx-core-4.5.5.jar:4.5.5]
	at io.vertx.core.impl.ContextImpl.emit(ContextImpl.java:328) ~[vertx-core-4.5.5.jar:4.5.5]
	at io.vertx.core.impl.ContextImpl.emit(ContextImpl.java:321) ~[vertx-core-4.5.5.jar:4.5.5]
	at io.vertx.core.net.impl.pool.SimpleConnectionPool$ConnectFailed$1.run(SimpleConnectionPool.java:380) ~[vertx-core-4.5.5.jar:4.5.5]
	at io.vertx.core.net.impl.pool.Task.runNextTasks(Task.java:43) ~[vertx-core-4.5.5.jar:4.5.5]
	at io.vertx.core.net.impl.pool.CombinerExecutor.submit(CombinerExecutor.java:91) ~[vertx-core-4.5.5.jar:4.5.5]
	at io.vertx.core.net.impl.pool.SimpleConnectionPool.execute(SimpleConnectionPool.java:244) ~[vertx-core-4.5.5.jar:4.5.5]
	at io.vertx.core.net.impl.pool.SimpleConnectionPool.lambda$connect$2(SimpleConnectionPool.java:258) ~[vertx-core-4.5.5.jar:4.5.5]
	at io.vertx.core.http.impl.SharedClientHttpStreamEndpoint.lambda$connect$2(SharedClientHttpStreamEndpoint.java:104) ~[vertx-core-4.5.5.jar:4.5.5]
	at io.vertx.core.impl.future.FutureImpl$4.onFailure(FutureImpl.java:188) ~[vertx-core-4.5.5.jar:4.5.5]
	at io.vertx.core.impl.future.FutureBase.emitFailure(FutureBase.java:81) ~[vertx-core-4.5.5.jar:4.5.5]
	at io.vertx.core.impl.future.FutureImpl.tryFail(FutureImpl.java:278) ~[vertx-core-4.5.5.jar:4.5.5]
	at io.vertx.core.impl.future.Composition$1.onFailure(Composition.java:66) ~[vertx-core-4.5.5.jar:4.5.5]
	at io.vertx.core.impl.future.FutureBase.emitFailure(FutureBase.java:81) ~[vertx-core-4.5.5.jar:4.5.5]
	at io.vertx.core.impl.future.FailedFuture.addListener(FailedFuture.java:98) ~[vertx-core-4.5.5.jar:4.5.5]
	at io.vertx.core.impl.future.Composition.onFailure(Composition.java:55) ~[vertx-core-4.5.5.jar:4.5.5]
	at io.vertx.core.impl.future.FutureBase.emitFailure(FutureBase.java:81) ~[vertx-core-4.5.5.jar:4.5.5]
	at io.vertx.core.impl.future.FutureImpl.tryFail(FutureImpl.java:278) ~[vertx-core-4.5.5.jar:4.5.5]
	at io.vertx.core.impl.ContextImpl.emit(ContextImpl.java:328) ~[vertx-core-4.5.5.jar:4.5.5]
	at io.vertx.core.impl.ContextImpl.emit(ContextImpl.java:321) ~[vertx-core-4.5.5.jar:4.5.5]
	at io.vertx.core.net.impl.NetClientImpl.failed(NetClientImpl.java:352) ~[vertx-core-4.5.5.jar:4.5.5]
	at io.vertx.core.net.impl.NetClientImpl.lambda$connectInternal2$6(NetClientImpl.java:324) ~[vertx-core-4.5.5.jar:4.5.5]
	at io.netty.util.concurrent.DefaultPromise.notifyListener0(DefaultPromise.java:590) ~[netty-common-4.1.107.Final.jar:4.1.107.Final]
	at io.netty.util.concurrent.DefaultPromise.notifyListenersNow(DefaultPromise.java:557) ~[netty-common-4.1.107.Final.jar:4.1.107.Final]
	at io.netty.util.concurrent.DefaultPromise.notifyListeners(DefaultPromise.java:492) ~[netty-common-4.1.107.Final.jar:4.1.107.Final]
	at io.netty.util.concurrent.DefaultPromise.setValue0(DefaultPromise.java:636) ~[netty-common-4.1.107.Final.jar:4.1.107.Final]
	at io.netty.util.concurrent.DefaultPromise.setFailure0(DefaultPromise.java:629) ~[netty-common-4.1.107.Final.jar:4.1.107.Final]
	at io.netty.util.concurrent.DefaultPromise.setFailure(DefaultPromise.java:110) ~[netty-common-4.1.107.Final.jar:4.1.107.Final]
	at io.vertx.core.net.impl.ChannelProvider.lambda$handleConnect$0(ChannelProvider.java:157) ~[vertx-core-4.5.5.jar:4.5.5]
	at io.netty.util.concurrent.DefaultPromise.notifyListener0(DefaultPromise.java:590) ~[netty-common-4.1.107.Final.jar:4.1.107.Final]
	at io.netty.util.concurrent.DefaultPromise.notifyListeners0(DefaultPromise.java:583) ~[netty-common-4.1.107.Final.jar:4.1.107.Final]
	at io.netty.util.concurrent.DefaultPromise.notifyListenersNow(DefaultPromise.java:559) ~[netty-common-4.1.107.Final.jar:4.1.107.Final]
	at io.netty.util.concurrent.DefaultPromise.notifyListeners(DefaultPromise.java:492) ~[netty-common-4.1.107.Final.jar:4.1.107.Final]
	at io.netty.util.concurrent.DefaultPromise.setValue0(DefaultPromise.java:636) ~[netty-common-4.1.107.Final.jar:4.1.107.Final]
	at io.netty.util.concurrent.DefaultPromise.setFailure0(DefaultPromise.java:629) ~[netty-common-4.1.107.Final.jar:4.1.107.Final]
	at io.netty.util.concurrent.DefaultPromise.tryFailure(DefaultPromise.java:118) ~[netty-common-4.1.107.Final.jar:4.1.107.Final]
	at io.netty.channel.nio.AbstractNioChannel$AbstractNioUnsafe.fulfillConnectPromise(AbstractNioChannel.java:322) ~[netty-transport-4.1.107.Final.jar:4.1.107.Final]
	at io.netty.channel.nio.AbstractNioChannel$AbstractNioUnsafe.finishConnect(AbstractNioChannel.java:338) ~[netty-transport-4.1.107.Final.jar:4.1.107.Final]
	at io.netty.channel.nio.NioEventLoop.processSelectedKey(NioEventLoop.java:776) ~[netty-transport-4.1.107.Final.jar:4.1.107.Final]
	at io.netty.channel.nio.NioEventLoop.processSelectedKeysOptimized(NioEventLoop.java:724) ~[netty-transport-4.1.107.Final.jar:4.1.107.Final]
	at io.netty.channel.nio.NioEventLoop.processSelectedKeys(NioEventLoop.java:650) ~[netty-transport-4.1.107.Final.jar:4.1.107.Final]
	at io.netty.channel.nio.NioEventLoop.run(NioEventLoop.java:562) ~[netty-transport-4.1.107.Final.jar:4.1.107.Final]
	at io.netty.util.concurrent.SingleThreadEventExecutor$4.run(SingleThreadEventExecutor.java:997) ~[netty-common-4.1.107.Final.jar:4.1.107.Final]
	at io.netty.util.internal.ThreadExecutorMap$2.run(ThreadExecutorMap.java:74) ~[netty-common-4.1.107.Final.jar:4.1.107.Final]
	at io.netty.util.concurrent.FastThreadLocalRunnable.run(FastThreadLocalRunnable.java:30) ~[netty-common-4.1.107.Final.jar:4.1.107.Final]
	at java.base/java.lang.Thread.run(Thread.java:840) ~[?:?]
2024-04-18 11:57:41 [main] INFO  it.progresslab.db.ArangoDBConnector - ArangoDB connector initialized on host db and port 8529
2024-04-18 11:57:41 [main] INFO  it.progresslab.db.ArangoDBConnector - ArangoDB connector initialized on host db and port 8529
2024-04-18 11:57:52 [main] ERROR it.progresslab.db.ArangoDBConnector - Exception retrieving document on DB PROGRESS_PROD collection User key 2863813: Cannot contact any host!
com.arangodb.ArangoDBException: Cannot contact any host!
	at com.arangodb.ArangoDBException.of(ArangoDBException.java:137) ~[core-7.6.0.jar:7.6.0]
	at com.arangodb.ArangoDBException.of(ArangoDBException.java:111) ~[core-7.6.0.jar:7.6.0]
	at com.arangodb.ArangoDBException.of(ArangoDBException.java:107) ~[core-7.6.0.jar:7.6.0]
	at com.arangodb.internal.net.CommunicationProtocol.execute(CommunicationProtocol.java:45) ~[core-7.6.0.jar:7.6.0]
	at com.arangodb.internal.ArangoExecutorSync.execute(ArangoExecutorSync.java:55) ~[core-7.6.0.jar:7.6.0]
	at com.arangodb.internal.ArangoExecutorSync.execute(ArangoExecutorSync.java:47) ~[core-7.6.0.jar:7.6.0]
	at com.arangodb.internal.ArangoCollectionImpl.getDocument(ArangoCollectionImpl.java:137) ~[core-7.6.0.jar:7.6.0]
	at com.arangodb.internal.ArangoCollectionImpl.getDocument(ArangoCollectionImpl.java:131) ~[core-7.6.0.jar:7.6.0]
	at it.progresslab.db.ArangoDBConnector.getDocumentAsJson(ArangoDBConnector.java:75) [classes/:?]
	at it.progresslab.App.main(App.java:14) [classes/:?]
Caused by: com.arangodb.ArangoDBMultipleException
	at com.arangodb.internal.net.FallbackHostHandler.checkNext(FallbackHostHandler.java:62) ~[core-7.6.0.jar:7.6.0]
	at com.arangodb.internal.net.DirtyReadHostHandler.checkNext(DirtyReadHostHandler.java:58) ~[core-7.6.0.jar:7.6.0]
	at com.arangodb.internal.net.Communication.handleException(Communication.java:126) ~[core-7.6.0.jar:7.6.0]
	at com.arangodb.internal.net.Communication.lambda$doExecuteAsync$0(Communication.java:84) ~[core-7.6.0.jar:7.6.0]
	at java.base/java.util.concurrent.CompletableFuture.uniWhenComplete(CompletableFuture.java:863) ~[?:?]
	at java.base/java.util.concurrent.CompletableFuture$UniWhenComplete.tryFire(CompletableFuture.java:841) ~[?:?]
	at java.base/java.util.concurrent.CompletableFuture.postComplete(CompletableFuture.java:510) ~[?:?]
	at java.base/java.util.concurrent.CompletableFuture.completeExceptionally(CompletableFuture.java:2162) ~[?:?]
	at io.vertx.core.impl.future.FutureImpl$2.onFailure(FutureImpl.java:117) ~[vertx-core-4.5.5.jar:4.5.5]
	at io.vertx.core.impl.future.FutureImpl$ListenerArray.onFailure(FutureImpl.java:316) ~[vertx-core-4.5.5.jar:4.5.5]
	at io.vertx.core.impl.future.FutureBase.emitFailure(FutureBase.java:81) ~[vertx-core-4.5.5.jar:4.5.5]
	at io.vertx.core.impl.future.FutureImpl.tryFail(FutureImpl.java:278) ~[vertx-core-4.5.5.jar:4.5.5]
	at io.vertx.core.impl.future.Mapping.onFailure(Mapping.java:45) ~[vertx-core-4.5.5.jar:4.5.5]
	at io.vertx.core.impl.future.FutureBase.emitFailure(FutureBase.java:81) ~[vertx-core-4.5.5.jar:4.5.5]
	at io.vertx.core.impl.future.FutureImpl.tryFail(FutureImpl.java:278) ~[vertx-core-4.5.5.jar:4.5.5]
	at io.vertx.core.impl.future.PromiseImpl.onFailure(PromiseImpl.java:54) ~[vertx-core-4.5.5.jar:4.5.5]
	at io.vertx.core.impl.future.PromiseImpl.handle(PromiseImpl.java:43) ~[vertx-core-4.5.5.jar:4.5.5]
	at io.vertx.core.impl.future.PromiseImpl.handle(PromiseImpl.java:23) ~[vertx-core-4.5.5.jar:4.5.5]
	at io.vertx.ext.web.client.impl.HttpContext.handleFailure(HttpContext.java:393) ~[vertx-web-client-4.5.5.jar:4.5.5]
	at io.vertx.ext.web.client.impl.HttpContext.execute(HttpContext.java:387) ~[vertx-web-client-4.5.5.jar:4.5.5]
	at io.vertx.ext.web.client.impl.HttpContext.next(HttpContext.java:362) ~[vertx-web-client-4.5.5.jar:4.5.5]
	at io.vertx.ext.web.client.impl.HttpContext.fire(HttpContext.java:329) ~[vertx-web-client-4.5.5.jar:4.5.5]
	at io.vertx.ext.web.client.impl.HttpContext.fail(HttpContext.java:310) ~[vertx-web-client-4.5.5.jar:4.5.5]
	at io.vertx.ext.web.client.impl.HttpContext.lambda$handleCreateRequest$6(HttpContext.java:493) ~[vertx-web-client-4.5.5.jar:4.5.5]
	at io.vertx.core.impl.future.FutureImpl$4.onFailure(FutureImpl.java:188) ~[vertx-core-4.5.5.jar:4.5.5]
	at io.vertx.core.impl.future.FutureBase.emitFailure(FutureBase.java:81) ~[vertx-core-4.5.5.jar:4.5.5]
	at io.vertx.core.impl.future.FutureImpl.tryFail(FutureImpl.java:278) ~[vertx-core-4.5.5.jar:4.5.5]
	at io.vertx.core.http.impl.HttpClientImpl.lambda$doRequest$4(HttpClientImpl.java:398) ~[vertx-core-4.5.5.jar:4.5.5]
	at io.vertx.core.net.impl.pool.Endpoint.lambda$getConnection$0(Endpoint.java:52) ~[vertx-core-4.5.5.jar:4.5.5]
	at io.vertx.core.http.impl.SharedClientHttpStreamEndpoint$Request.handle(SharedClientHttpStreamEndpoint.java:162) ~[vertx-core-4.5.5.jar:4.5.5]
	at io.vertx.core.http.impl.SharedClientHttpStreamEndpoint$Request.handle(SharedClientHttpStreamEndpoint.java:123) ~[vertx-core-4.5.5.jar:4.5.5]
	at io.vertx.core.impl.ContextImpl.emit(ContextImpl.java:328) ~[vertx-core-4.5.5.jar:4.5.5]
	at io.vertx.core.impl.ContextImpl.emit(ContextImpl.java:321) ~[vertx-core-4.5.5.jar:4.5.5]
	at io.vertx.core.net.impl.pool.SimpleConnectionPool$ConnectFailed$1.run(SimpleConnectionPool.java:380) ~[vertx-core-4.5.5.jar:4.5.5]
	at io.vertx.core.net.impl.pool.Task.runNextTasks(Task.java:43) ~[vertx-core-4.5.5.jar:4.5.5]
	at io.vertx.core.net.impl.pool.CombinerExecutor.submit(CombinerExecutor.java:91) ~[vertx-core-4.5.5.jar:4.5.5]
	at io.vertx.core.net.impl.pool.SimpleConnectionPool.execute(SimpleConnectionPool.java:244) ~[vertx-core-4.5.5.jar:4.5.5]
	at io.vertx.core.net.impl.pool.SimpleConnectionPool.lambda$connect$2(SimpleConnectionPool.java:258) ~[vertx-core-4.5.5.jar:4.5.5]
	at io.vertx.core.http.impl.SharedClientHttpStreamEndpoint.lambda$connect$2(SharedClientHttpStreamEndpoint.java:104) ~[vertx-core-4.5.5.jar:4.5.5]
	at io.vertx.core.impl.future.FutureImpl$4.onFailure(FutureImpl.java:188) ~[vertx-core-4.5.5.jar:4.5.5]
	at io.vertx.core.impl.future.FutureBase.emitFailure(FutureBase.java:81) ~[vertx-core-4.5.5.jar:4.5.5]
	at io.vertx.core.impl.future.FutureImpl.tryFail(FutureImpl.java:278) ~[vertx-core-4.5.5.jar:4.5.5]
	at io.vertx.core.impl.future.Composition$1.onFailure(Composition.java:66) ~[vertx-core-4.5.5.jar:4.5.5]
	at io.vertx.core.impl.future.FutureBase.emitFailure(FutureBase.java:81) ~[vertx-core-4.5.5.jar:4.5.5]
	at io.vertx.core.impl.future.FailedFuture.addListener(FailedFuture.java:98) ~[vertx-core-4.5.5.jar:4.5.5]
	at io.vertx.core.impl.future.Composition.onFailure(Composition.java:55) ~[vertx-core-4.5.5.jar:4.5.5]
	at io.vertx.core.impl.future.FutureBase.emitFailure(FutureBase.java:81) ~[vertx-core-4.5.5.jar:4.5.5]
	at io.vertx.core.impl.future.FutureImpl.tryFail(FutureImpl.java:278) ~[vertx-core-4.5.5.jar:4.5.5]
	at io.vertx.core.impl.ContextImpl.emit(ContextImpl.java:328) ~[vertx-core-4.5.5.jar:4.5.5]
	at io.vertx.core.impl.ContextImpl.emit(ContextImpl.java:321) ~[vertx-core-4.5.5.jar:4.5.5]
	at io.vertx.core.net.impl.NetClientImpl.failed(NetClientImpl.java:352) ~[vertx-core-4.5.5.jar:4.5.5]
	at io.vertx.core.net.impl.NetClientImpl.lambda$connectInternal2$6(NetClientImpl.java:324) ~[vertx-core-4.5.5.jar:4.5.5]
	at io.netty.util.concurrent.DefaultPromise.notifyListener0(DefaultPromise.java:590) ~[netty-common-4.1.107.Final.jar:4.1.107.Final]
	at io.netty.util.concurrent.DefaultPromise.notifyListenersNow(DefaultPromise.java:557) ~[netty-common-4.1.107.Final.jar:4.1.107.Final]
	at io.netty.util.concurrent.DefaultPromise.notifyListeners(DefaultPromise.java:492) ~[netty-common-4.1.107.Final.jar:4.1.107.Final]
	at io.netty.util.concurrent.DefaultPromise.setValue0(DefaultPromise.java:636) ~[netty-common-4.1.107.Final.jar:4.1.107.Final]
	at io.netty.util.concurrent.DefaultPromise.setFailure0(DefaultPromise.java:629) ~[netty-common-4.1.107.Final.jar:4.1.107.Final]
	at io.netty.util.concurrent.DefaultPromise.setFailure(DefaultPromise.java:110) ~[netty-common-4.1.107.Final.jar:4.1.107.Final]
	at io.vertx.core.net.impl.ChannelProvider.lambda$handleConnect$0(ChannelProvider.java:157) ~[vertx-core-4.5.5.jar:4.5.5]
	at io.netty.util.concurrent.DefaultPromise.notifyListener0(DefaultPromise.java:590) ~[netty-common-4.1.107.Final.jar:4.1.107.Final]
	at io.netty.util.concurrent.DefaultPromise.notifyListenersNow(DefaultPromise.java:557) ~[netty-common-4.1.107.Final.jar:4.1.107.Final]
	at io.netty.util.concurrent.DefaultPromise.notifyListeners(DefaultPromise.java:492) ~[netty-common-4.1.107.Final.jar:4.1.107.Final]
	at io.netty.util.concurrent.DefaultPromise.setValue0(DefaultPromise.java:636) ~[netty-common-4.1.107.Final.jar:4.1.107.Final]
	at io.netty.util.concurrent.DefaultPromise.setFailure0(DefaultPromise.java:629) ~[netty-common-4.1.107.Final.jar:4.1.107.Final]
	at io.netty.util.concurrent.DefaultPromise.setFailure(DefaultPromise.java:110) ~[netty-common-4.1.107.Final.jar:4.1.107.Final]
	at io.netty.channel.DefaultChannelPromise.setFailure(DefaultChannelPromise.java:89) ~[netty-transport-4.1.107.Final.jar:4.1.107.Final]
	at io.netty.bootstrap.Bootstrap$2.operationComplete(Bootstrap.java:242) ~[netty-transport-4.1.107.Final.jar:4.1.107.Final]
	at io.netty.util.concurrent.DefaultPromise.notifyListener0(DefaultPromise.java:590) ~[netty-common-4.1.107.Final.jar:4.1.107.Final]
	at io.netty.util.concurrent.DefaultPromise.notifyListenersNow(DefaultPromise.java:557) ~[netty-common-4.1.107.Final.jar:4.1.107.Final]
	at io.netty.util.concurrent.DefaultPromise.notifyListeners(DefaultPromise.java:492) ~[netty-common-4.1.107.Final.jar:4.1.107.Final]
	at io.netty.util.concurrent.DefaultPromise.setValue0(DefaultPromise.java:636) ~[netty-common-4.1.107.Final.jar:4.1.107.Final]
	at io.netty.util.concurrent.DefaultPromise.setFailure0(DefaultPromise.java:629) ~[netty-common-4.1.107.Final.jar:4.1.107.Final]
	at io.netty.util.concurrent.DefaultPromise.setFailure(DefaultPromise.java:110) ~[netty-common-4.1.107.Final.jar:4.1.107.Final]
	at io.netty.resolver.InetSocketAddressResolver$1.operationComplete(InetSocketAddressResolver.java:62) ~[netty-resolver-4.1.107.Final.jar:4.1.107.Final]
	at io.netty.util.concurrent.DefaultPromise.notifyListener0(DefaultPromise.java:590) ~[netty-common-4.1.107.Final.jar:4.1.107.Final]
	at io.netty.util.concurrent.DefaultPromise.notifyListeners0(DefaultPromise.java:583) ~[netty-common-4.1.107.Final.jar:4.1.107.Final]
	at io.netty.util.concurrent.DefaultPromise.notifyListenersNow(DefaultPromise.java:559) ~[netty-common-4.1.107.Final.jar:4.1.107.Final]
	at io.netty.util.concurrent.DefaultPromise.notifyListeners(DefaultPromise.java:492) ~[netty-common-4.1.107.Final.jar:4.1.107.Final]
	at io.netty.util.concurrent.DefaultPromise.setValue0(DefaultPromise.java:636) ~[netty-common-4.1.107.Final.jar:4.1.107.Final]
	at io.netty.util.concurrent.DefaultPromise.setFailure0(DefaultPromise.java:629) ~[netty-common-4.1.107.Final.jar:4.1.107.Final]
	at io.netty.util.concurrent.DefaultPromise.tryFailure(DefaultPromise.java:118) ~[netty-common-4.1.107.Final.jar:4.1.107.Final]
	at io.netty.resolver.dns.DnsNameResolver.tryFailure(DnsNameResolver.java:1037) ~[netty-resolver-dns-4.1.107.Final.jar:4.1.107.Final]
	at io.netty.resolver.dns.DnsNameResolver.access$500(DnsNameResolver.java:95) ~[netty-resolver-dns-4.1.107.Final.jar:4.1.107.Final]
	at io.netty.resolver.dns.DnsNameResolver$7.operationComplete(DnsNameResolver.java:1057) ~[netty-resolver-dns-4.1.107.Final.jar:4.1.107.Final]
	at io.netty.util.concurrent.DefaultPromise.notifyListener0(DefaultPromise.java:590) ~[netty-common-4.1.107.Final.jar:4.1.107.Final]
	at io.netty.util.concurrent.DefaultPromise.notifyListenersNow(DefaultPromise.java:557) ~[netty-common-4.1.107.Final.jar:4.1.107.Final]
	at io.netty.util.concurrent.DefaultPromise.notifyListeners(DefaultPromise.java:492) ~[netty-common-4.1.107.Final.jar:4.1.107.Final]
	at io.netty.util.concurrent.DefaultPromise.setValue0(DefaultPromise.java:636) ~[netty-common-4.1.107.Final.jar:4.1.107.Final]
	at io.netty.util.concurrent.DefaultPromise.setFailure0(DefaultPromise.java:629) ~[netty-common-4.1.107.Final.jar:4.1.107.Final]
	at io.netty.util.concurrent.DefaultPromise.tryFailure(DefaultPromise.java:118) ~[netty-common-4.1.107.Final.jar:4.1.107.Final]
	at io.netty.resolver.dns.DnsResolveContext.finishResolve(DnsResolveContext.java:1133) ~[netty-resolver-dns-4.1.107.Final.jar:4.1.107.Final]
	at io.netty.resolver.dns.DnsResolveContext.tryToFinishResolve(DnsResolveContext.java:1072) ~[netty-resolver-dns-4.1.107.Final.jar:4.1.107.Final]
	at io.netty.resolver.dns.DnsResolveContext.query(DnsResolveContext.java:444) ~[netty-resolver-dns-4.1.107.Final.jar:4.1.107.Final]
	at io.netty.resolver.dns.DnsResolveContext.onResponse(DnsResolveContext.java:651) ~[netty-resolver-dns-4.1.107.Final.jar:4.1.107.Final]
	at io.netty.resolver.dns.DnsResolveContext.access$500(DnsResolveContext.java:68) ~[netty-resolver-dns-4.1.107.Final.jar:4.1.107.Final]
	at io.netty.resolver.dns.DnsResolveContext$2.operationComplete(DnsResolveContext.java:502) ~[netty-resolver-dns-4.1.107.Final.jar:4.1.107.Final]
	at io.netty.util.concurrent.DefaultPromise.notifyListener0(DefaultPromise.java:590) ~[netty-common-4.1.107.Final.jar:4.1.107.Final]
	at io.netty.util.concurrent.DefaultPromise.notifyListeners0(DefaultPromise.java:583) ~[netty-common-4.1.107.Final.jar:4.1.107.Final]
	at io.netty.util.concurrent.DefaultPromise.notifyListenersNow(DefaultPromise.java:559) ~[netty-common-4.1.107.Final.jar:4.1.107.Final]
	at io.netty.util.concurrent.DefaultPromise.notifyListeners(DefaultPromise.java:492) ~[netty-common-4.1.107.Final.jar:4.1.107.Final]
	at io.netty.util.concurrent.DefaultPromise.setValue0(DefaultPromise.java:636) ~[netty-common-4.1.107.Final.jar:4.1.107.Final]
	at io.netty.util.concurrent.DefaultPromise.setSuccess0(DefaultPromise.java:625) ~[netty-common-4.1.107.Final.jar:4.1.107.Final]
	at io.netty.util.concurrent.DefaultPromise.trySuccess(DefaultPromise.java:105) ~[netty-common-4.1.107.Final.jar:4.1.107.Final]
	at io.netty.resolver.dns.DnsQueryContext.trySuccess(DnsQueryContext.java:345) ~[netty-resolver-dns-4.1.107.Final.jar:4.1.107.Final]
	at io.netty.resolver.dns.DnsQueryContext.finishSuccess(DnsQueryContext.java:336) ~[netty-resolver-dns-4.1.107.Final.jar:4.1.107.Final]
	at io.netty.resolver.dns.DnsNameResolver$DnsResponseHandler.channelRead(DnsNameResolver.java:1382) ~[netty-resolver-dns-4.1.107.Final.jar:4.1.107.Final]
	at io.netty.channel.AbstractChannelHandlerContext.invokeChannelRead(AbstractChannelHandlerContext.java:444) ~[netty-transport-4.1.107.Final.jar:4.1.107.Final]
	at io.netty.channel.AbstractChannelHandlerContext.invokeChannelRead(AbstractChannelHandlerContext.java:420) ~[netty-transport-4.1.107.Final.jar:4.1.107.Final]
	at io.netty.channel.AbstractChannelHandlerContext.fireChannelRead(AbstractChannelHandlerContext.java:412) ~[netty-transport-4.1.107.Final.jar:4.1.107.Final]
	at io.netty.handler.codec.MessageToMessageDecoder.channelRead(MessageToMessageDecoder.java:103) ~[netty-codec-4.1.107.Final.jar:4.1.107.Final]
	at io.netty.channel.AbstractChannelHandlerContext.invokeChannelRead(AbstractChannelHandlerContext.java:444) ~[netty-transport-4.1.107.Final.jar:4.1.107.Final]
	at io.netty.channel.AbstractChannelHandlerContext.invokeChannelRead(AbstractChannelHandlerContext.java:420) ~[netty-transport-4.1.107.Final.jar:4.1.107.Final]
	at io.netty.channel.AbstractChannelHandlerContext.fireChannelRead(AbstractChannelHandlerContext.java:412) ~[netty-transport-4.1.107.Final.jar:4.1.107.Final]
	at io.netty.channel.DefaultChannelPipeline$HeadContext.channelRead(DefaultChannelPipeline.java:1410) ~[netty-transport-4.1.107.Final.jar:4.1.107.Final]
	at io.netty.channel.AbstractChannelHandlerContext.invokeChannelRead(AbstractChannelHandlerContext.java:440) ~[netty-transport-4.1.107.Final.jar:4.1.107.Final]
	at io.netty.channel.AbstractChannelHandlerContext.invokeChannelRead(AbstractChannelHandlerContext.java:420) ~[netty-transport-4.1.107.Final.jar:4.1.107.Final]
	at io.netty.channel.DefaultChannelPipeline.fireChannelRead(DefaultChannelPipeline.java:919) ~[netty-transport-4.1.107.Final.jar:4.1.107.Final]
	at io.netty.channel.nio.AbstractNioMessageChannel$NioMessageUnsafe.read(AbstractNioMessageChannel.java:97) ~[netty-transport-4.1.107.Final.jar:4.1.107.Final]
	at io.netty.channel.nio.NioEventLoop.processSelectedKey(NioEventLoop.java:788) ~[netty-transport-4.1.107.Final.jar:4.1.107.Final]
	at io.netty.channel.nio.NioEventLoop.processSelectedKeysOptimized(NioEventLoop.java:724) ~[netty-transport-4.1.107.Final.jar:4.1.107.Final]
	at io.netty.channel.nio.NioEventLoop.processSelectedKeys(NioEventLoop.java:650) ~[netty-transport-4.1.107.Final.jar:4.1.107.Final]
	at io.netty.channel.nio.NioEventLoop.run(NioEventLoop.java:562) ~[netty-transport-4.1.107.Final.jar:4.1.107.Final]
	at io.netty.util.concurrent.SingleThreadEventExecutor$4.run(SingleThreadEventExecutor.java:997) ~[netty-common-4.1.107.Final.jar:4.1.107.Final]
	at io.netty.util.internal.ThreadExecutorMap$2.run(ThreadExecutorMap.java:74) ~[netty-common-4.1.107.Final.jar:4.1.107.Final]
	at io.netty.util.concurrent.FastThreadLocalRunnable.run(FastThreadLocalRunnable.java:30) ~[netty-common-4.1.107.Final.jar:4.1.107.Final]
	at java.base/java.lang.Thread.run(Thread.java:840) ~[?:?]
2024-04-18 11:57:52 [main] ERROR it.progresslab.db.ArangoDBConnector - Exception retrieving document on DB PROGRESS_PROD collection User key 2863813: Cannot contact any host!
com.arangodb.ArangoDBException: Cannot contact any host!
	at com.arangodb.ArangoDBException.of(ArangoDBException.java:137) ~[core-7.6.0.jar:7.6.0]
	at com.arangodb.ArangoDBException.of(ArangoDBException.java:111) ~[core-7.6.0.jar:7.6.0]
	at com.arangodb.ArangoDBException.of(ArangoDBException.java:107) ~[core-7.6.0.jar:7.6.0]
	at com.arangodb.internal.net.CommunicationProtocol.execute(CommunicationProtocol.java:45) ~[core-7.6.0.jar:7.6.0]
	at com.arangodb.internal.ArangoExecutorSync.execute(ArangoExecutorSync.java:55) ~[core-7.6.0.jar:7.6.0]
	at com.arangodb.internal.ArangoExecutorSync.execute(ArangoExecutorSync.java:47) ~[core-7.6.0.jar:7.6.0]
	at com.arangodb.internal.ArangoCollectionImpl.getDocument(ArangoCollectionImpl.java:137) ~[core-7.6.0.jar:7.6.0]
	at com.arangodb.internal.ArangoCollectionImpl.getDocument(ArangoCollectionImpl.java:131) ~[core-7.6.0.jar:7.6.0]
	at it.progresslab.db.ArangoDBConnector.getDocumentAsJson(ArangoDBConnector.java:75) [classes/:?]
	at it.progresslab.App.main(App.java:14) [classes/:?]
Caused by: com.arangodb.ArangoDBMultipleException
	at com.arangodb.internal.net.FallbackHostHandler.checkNext(FallbackHostHandler.java:62) ~[core-7.6.0.jar:7.6.0]
	at com.arangodb.internal.net.DirtyReadHostHandler.checkNext(DirtyReadHostHandler.java:58) ~[core-7.6.0.jar:7.6.0]
	at com.arangodb.internal.net.Communication.handleException(Communication.java:126) ~[core-7.6.0.jar:7.6.0]
	at com.arangodb.internal.net.Communication.lambda$doExecuteAsync$0(Communication.java:84) ~[core-7.6.0.jar:7.6.0]
	at java.base/java.util.concurrent.CompletableFuture.uniWhenComplete(CompletableFuture.java:863) ~[?:?]
	at java.base/java.util.concurrent.CompletableFuture$UniWhenComplete.tryFire(CompletableFuture.java:841) ~[?:?]
	at java.base/java.util.concurrent.CompletableFuture.postComplete(CompletableFuture.java:510) ~[?:?]
	at java.base/java.util.concurrent.CompletableFuture.completeExceptionally(CompletableFuture.java:2162) ~[?:?]
	at io.vertx.core.impl.future.FutureImpl$2.onFailure(FutureImpl.java:117) ~[vertx-core-4.5.5.jar:4.5.5]
	at io.vertx.core.impl.future.FutureImpl$ListenerArray.onFailure(FutureImpl.java:316) ~[vertx-core-4.5.5.jar:4.5.5]
	at io.vertx.core.impl.future.FutureBase.emitFailure(FutureBase.java:81) ~[vertx-core-4.5.5.jar:4.5.5]
	at io.vertx.core.impl.future.FutureImpl.tryFail(FutureImpl.java:278) ~[vertx-core-4.5.5.jar:4.5.5]
	at io.vertx.core.impl.future.Mapping.onFailure(Mapping.java:45) ~[vertx-core-4.5.5.jar:4.5.5]
	at io.vertx.core.impl.future.FutureBase.emitFailure(FutureBase.java:81) ~[vertx-core-4.5.5.jar:4.5.5]
	at io.vertx.core.impl.future.FutureImpl.tryFail(FutureImpl.java:278) ~[vertx-core-4.5.5.jar:4.5.5]
	at io.vertx.core.impl.future.PromiseImpl.onFailure(PromiseImpl.java:54) ~[vertx-core-4.5.5.jar:4.5.5]
	at io.vertx.core.impl.future.PromiseImpl.handle(PromiseImpl.java:43) ~[vertx-core-4.5.5.jar:4.5.5]
	at io.vertx.core.impl.future.PromiseImpl.handle(PromiseImpl.java:23) ~[vertx-core-4.5.5.jar:4.5.5]
	at io.vertx.ext.web.client.impl.HttpContext.handleFailure(HttpContext.java:393) ~[vertx-web-client-4.5.5.jar:4.5.5]
	at io.vertx.ext.web.client.impl.HttpContext.execute(HttpContext.java:387) ~[vertx-web-client-4.5.5.jar:4.5.5]
	at io.vertx.ext.web.client.impl.HttpContext.next(HttpContext.java:362) ~[vertx-web-client-4.5.5.jar:4.5.5]
	at io.vertx.ext.web.client.impl.HttpContext.fire(HttpContext.java:329) ~[vertx-web-client-4.5.5.jar:4.5.5]
	at io.vertx.ext.web.client.impl.HttpContext.fail(HttpContext.java:310) ~[vertx-web-client-4.5.5.jar:4.5.5]
	at io.vertx.ext.web.client.impl.HttpContext.lambda$handleCreateRequest$6(HttpContext.java:493) ~[vertx-web-client-4.5.5.jar:4.5.5]
	at io.vertx.core.impl.future.FutureImpl$4.onFailure(FutureImpl.java:188) ~[vertx-core-4.5.5.jar:4.5.5]
	at io.vertx.core.impl.future.FutureBase.emitFailure(FutureBase.java:81) ~[vertx-core-4.5.5.jar:4.5.5]
	at io.vertx.core.impl.future.FutureImpl.tryFail(FutureImpl.java:278) ~[vertx-core-4.5.5.jar:4.5.5]
	at io.vertx.core.http.impl.HttpClientImpl.lambda$doRequest$4(HttpClientImpl.java:398) ~[vertx-core-4.5.5.jar:4.5.5]
	at io.vertx.core.net.impl.pool.Endpoint.lambda$getConnection$0(Endpoint.java:52) ~[vertx-core-4.5.5.jar:4.5.5]
	at io.vertx.core.http.impl.SharedClientHttpStreamEndpoint$Request.handle(SharedClientHttpStreamEndpoint.java:162) ~[vertx-core-4.5.5.jar:4.5.5]
	at io.vertx.core.http.impl.SharedClientHttpStreamEndpoint$Request.handle(SharedClientHttpStreamEndpoint.java:123) ~[vertx-core-4.5.5.jar:4.5.5]
	at io.vertx.core.impl.ContextImpl.emit(ContextImpl.java:328) ~[vertx-core-4.5.5.jar:4.5.5]
	at io.vertx.core.impl.ContextImpl.emit(ContextImpl.java:321) ~[vertx-core-4.5.5.jar:4.5.5]
	at io.vertx.core.net.impl.pool.SimpleConnectionPool$ConnectFailed$1.run(SimpleConnectionPool.java:380) ~[vertx-core-4.5.5.jar:4.5.5]
	at io.vertx.core.net.impl.pool.Task.runNextTasks(Task.java:43) ~[vertx-core-4.5.5.jar:4.5.5]
	at io.vertx.core.net.impl.pool.CombinerExecutor.submit(CombinerExecutor.java:91) ~[vertx-core-4.5.5.jar:4.5.5]
	at io.vertx.core.net.impl.pool.SimpleConnectionPool.execute(SimpleConnectionPool.java:244) ~[vertx-core-4.5.5.jar:4.5.5]
	at io.vertx.core.net.impl.pool.SimpleConnectionPool.lambda$connect$2(SimpleConnectionPool.java:258) ~[vertx-core-4.5.5.jar:4.5.5]
	at io.vertx.core.http.impl.SharedClientHttpStreamEndpoint.lambda$connect$2(SharedClientHttpStreamEndpoint.java:104) ~[vertx-core-4.5.5.jar:4.5.5]
	at io.vertx.core.impl.future.FutureImpl$4.onFailure(FutureImpl.java:188) ~[vertx-core-4.5.5.jar:4.5.5]
	at io.vertx.core.impl.future.FutureBase.emitFailure(FutureBase.java:81) ~[vertx-core-4.5.5.jar:4.5.5]
	at io.vertx.core.impl.future.FutureImpl.tryFail(FutureImpl.java:278) ~[vertx-core-4.5.5.jar:4.5.5]
	at io.vertx.core.impl.future.Composition$1.onFailure(Composition.java:66) ~[vertx-core-4.5.5.jar:4.5.5]
	at io.vertx.core.impl.future.FutureBase.emitFailure(FutureBase.java:81) ~[vertx-core-4.5.5.jar:4.5.5]
	at io.vertx.core.impl.future.FailedFuture.addListener(FailedFuture.java:98) ~[vertx-core-4.5.5.jar:4.5.5]
	at io.vertx.core.impl.future.Composition.onFailure(Composition.java:55) ~[vertx-core-4.5.5.jar:4.5.5]
	at io.vertx.core.impl.future.FutureBase.emitFailure(FutureBase.java:81) ~[vertx-core-4.5.5.jar:4.5.5]
	at io.vertx.core.impl.future.FutureImpl.tryFail(FutureImpl.java:278) ~[vertx-core-4.5.5.jar:4.5.5]
	at io.vertx.core.impl.ContextImpl.emit(ContextImpl.java:328) ~[vertx-core-4.5.5.jar:4.5.5]
	at io.vertx.core.impl.ContextImpl.emit(ContextImpl.java:321) ~[vertx-core-4.5.5.jar:4.5.5]
	at io.vertx.core.net.impl.NetClientImpl.failed(NetClientImpl.java:352) ~[vertx-core-4.5.5.jar:4.5.5]
	at io.vertx.core.net.impl.NetClientImpl.lambda$connectInternal2$6(NetClientImpl.java:324) ~[vertx-core-4.5.5.jar:4.5.5]
	at io.netty.util.concurrent.DefaultPromise.notifyListener0(DefaultPromise.java:590) ~[netty-common-4.1.107.Final.jar:4.1.107.Final]
	at io.netty.util.concurrent.DefaultPromise.notifyListenersNow(DefaultPromise.java:557) ~[netty-common-4.1.107.Final.jar:4.1.107.Final]
	at io.netty.util.concurrent.DefaultPromise.notifyListeners(DefaultPromise.java:492) ~[netty-common-4.1.107.Final.jar:4.1.107.Final]
	at io.netty.util.concurrent.DefaultPromise.setValue0(DefaultPromise.java:636) ~[netty-common-4.1.107.Final.jar:4.1.107.Final]
	at io.netty.util.concurrent.DefaultPromise.setFailure0(DefaultPromise.java:629) ~[netty-common-4.1.107.Final.jar:4.1.107.Final]
	at io.netty.util.concurrent.DefaultPromise.setFailure(DefaultPromise.java:110) ~[netty-common-4.1.107.Final.jar:4.1.107.Final]
	at io.vertx.core.net.impl.ChannelProvider.lambda$handleConnect$0(ChannelProvider.java:157) ~[vertx-core-4.5.5.jar:4.5.5]
	at io.netty.util.concurrent.DefaultPromise.notifyListener0(DefaultPromise.java:590) ~[netty-common-4.1.107.Final.jar:4.1.107.Final]
	at io.netty.util.concurrent.DefaultPromise.notifyListenersNow(DefaultPromise.java:557) ~[netty-common-4.1.107.Final.jar:4.1.107.Final]
	at io.netty.util.concurrent.DefaultPromise.notifyListeners(DefaultPromise.java:492) ~[netty-common-4.1.107.Final.jar:4.1.107.Final]
	at io.netty.util.concurrent.DefaultPromise.setValue0(DefaultPromise.java:636) ~[netty-common-4.1.107.Final.jar:4.1.107.Final]
	at io.netty.util.concurrent.DefaultPromise.setFailure0(DefaultPromise.java:629) ~[netty-common-4.1.107.Final.jar:4.1.107.Final]
	at io.netty.util.concurrent.DefaultPromise.setFailure(DefaultPromise.java:110) ~[netty-common-4.1.107.Final.jar:4.1.107.Final]
	at io.netty.channel.DefaultChannelPromise.setFailure(DefaultChannelPromise.java:89) ~[netty-transport-4.1.107.Final.jar:4.1.107.Final]
	at io.netty.bootstrap.Bootstrap$2.operationComplete(Bootstrap.java:242) ~[netty-transport-4.1.107.Final.jar:4.1.107.Final]
	at io.netty.util.concurrent.DefaultPromise.notifyListener0(DefaultPromise.java:590) ~[netty-common-4.1.107.Final.jar:4.1.107.Final]
	at io.netty.util.concurrent.DefaultPromise.notifyListenersNow(DefaultPromise.java:557) ~[netty-common-4.1.107.Final.jar:4.1.107.Final]
	at io.netty.util.concurrent.DefaultPromise.notifyListeners(DefaultPromise.java:492) ~[netty-common-4.1.107.Final.jar:4.1.107.Final]
	at io.netty.util.concurrent.DefaultPromise.setValue0(DefaultPromise.java:636) ~[netty-common-4.1.107.Final.jar:4.1.107.Final]
	at io.netty.util.concurrent.DefaultPromise.setFailure0(DefaultPromise.java:629) ~[netty-common-4.1.107.Final.jar:4.1.107.Final]
	at io.netty.util.concurrent.DefaultPromise.setFailure(DefaultPromise.java:110) ~[netty-common-4.1.107.Final.jar:4.1.107.Final]
	at io.netty.resolver.InetSocketAddressResolver$1.operationComplete(InetSocketAddressResolver.java:62) ~[netty-resolver-4.1.107.Final.jar:4.1.107.Final]
	at io.netty.util.concurrent.DefaultPromise.notifyListener0(DefaultPromise.java:590) ~[netty-common-4.1.107.Final.jar:4.1.107.Final]
	at io.netty.util.concurrent.DefaultPromise.notifyListeners0(DefaultPromise.java:583) ~[netty-common-4.1.107.Final.jar:4.1.107.Final]
	at io.netty.util.concurrent.DefaultPromise.notifyListenersNow(DefaultPromise.java:559) ~[netty-common-4.1.107.Final.jar:4.1.107.Final]
	at io.netty.util.concurrent.DefaultPromise.notifyListeners(DefaultPromise.java:492) ~[netty-common-4.1.107.Final.jar:4.1.107.Final]
	at io.netty.util.concurrent.DefaultPromise.setValue0(DefaultPromise.java:636) ~[netty-common-4.1.107.Final.jar:4.1.107.Final]
	at io.netty.util.concurrent.DefaultPromise.setFailure0(DefaultPromise.java:629) ~[netty-common-4.1.107.Final.jar:4.1.107.Final]
	at io.netty.util.concurrent.DefaultPromise.tryFailure(DefaultPromise.java:118) ~[netty-common-4.1.107.Final.jar:4.1.107.Final]
	at io.netty.resolver.dns.DnsNameResolver.tryFailure(DnsNameResolver.java:1037) ~[netty-resolver-dns-4.1.107.Final.jar:4.1.107.Final]
	at io.netty.resolver.dns.DnsNameResolver.access$500(DnsNameResolver.java:95) ~[netty-resolver-dns-4.1.107.Final.jar:4.1.107.Final]
	at io.netty.resolver.dns.DnsNameResolver$7.operationComplete(DnsNameResolver.java:1057) ~[netty-resolver-dns-4.1.107.Final.jar:4.1.107.Final]
	at io.netty.util.concurrent.DefaultPromise.notifyListener0(DefaultPromise.java:590) ~[netty-common-4.1.107.Final.jar:4.1.107.Final]
	at io.netty.util.concurrent.DefaultPromise.notifyListenersNow(DefaultPromise.java:557) ~[netty-common-4.1.107.Final.jar:4.1.107.Final]
	at io.netty.util.concurrent.DefaultPromise.notifyListeners(DefaultPromise.java:492) ~[netty-common-4.1.107.Final.jar:4.1.107.Final]
	at io.netty.util.concurrent.DefaultPromise.setValue0(DefaultPromise.java:636) ~[netty-common-4.1.107.Final.jar:4.1.107.Final]
	at io.netty.util.concurrent.DefaultPromise.setFailure0(DefaultPromise.java:629) ~[netty-common-4.1.107.Final.jar:4.1.107.Final]
	at io.netty.util.concurrent.DefaultPromise.tryFailure(DefaultPromise.java:118) ~[netty-common-4.1.107.Final.jar:4.1.107.Final]
	at io.netty.resolver.dns.DnsResolveContext.finishResolve(DnsResolveContext.java:1133) ~[netty-resolver-dns-4.1.107.Final.jar:4.1.107.Final]
	at io.netty.resolver.dns.DnsResolveContext.tryToFinishResolve(DnsResolveContext.java:1072) ~[netty-resolver-dns-4.1.107.Final.jar:4.1.107.Final]
	at io.netty.resolver.dns.DnsResolveContext.query(DnsResolveContext.java:444) ~[netty-resolver-dns-4.1.107.Final.jar:4.1.107.Final]
	at io.netty.resolver.dns.DnsResolveContext.onResponse(DnsResolveContext.java:651) ~[netty-resolver-dns-4.1.107.Final.jar:4.1.107.Final]
	at io.netty.resolver.dns.DnsResolveContext.access$500(DnsResolveContext.java:68) ~[netty-resolver-dns-4.1.107.Final.jar:4.1.107.Final]
	at io.netty.resolver.dns.DnsResolveContext$2.operationComplete(DnsResolveContext.java:502) ~[netty-resolver-dns-4.1.107.Final.jar:4.1.107.Final]
	at io.netty.util.concurrent.DefaultPromise.notifyListener0(DefaultPromise.java:590) ~[netty-common-4.1.107.Final.jar:4.1.107.Final]
	at io.netty.util.concurrent.DefaultPromise.notifyListeners0(DefaultPromise.java:583) ~[netty-common-4.1.107.Final.jar:4.1.107.Final]
	at io.netty.util.concurrent.DefaultPromise.notifyListenersNow(DefaultPromise.java:559) ~[netty-common-4.1.107.Final.jar:4.1.107.Final]
	at io.netty.util.concurrent.DefaultPromise.notifyListeners(DefaultPromise.java:492) ~[netty-common-4.1.107.Final.jar:4.1.107.Final]
	at io.netty.util.concurrent.DefaultPromise.setValue0(DefaultPromise.java:636) ~[netty-common-4.1.107.Final.jar:4.1.107.Final]
	at io.netty.util.concurrent.DefaultPromise.setSuccess0(DefaultPromise.java:625) ~[netty-common-4.1.107.Final.jar:4.1.107.Final]
	at io.netty.util.concurrent.DefaultPromise.trySuccess(DefaultPromise.java:105) ~[netty-common-4.1.107.Final.jar:4.1.107.Final]
	at io.netty.resolver.dns.DnsQueryContext.trySuccess(DnsQueryContext.java:345) ~[netty-resolver-dns-4.1.107.Final.jar:4.1.107.Final]
	at io.netty.resolver.dns.DnsQueryContext.finishSuccess(DnsQueryContext.java:336) ~[netty-resolver-dns-4.1.107.Final.jar:4.1.107.Final]
	at io.netty.resolver.dns.DnsNameResolver$DnsResponseHandler.channelRead(DnsNameResolver.java:1382) ~[netty-resolver-dns-4.1.107.Final.jar:4.1.107.Final]
	at io.netty.channel.AbstractChannelHandlerContext.invokeChannelRead(AbstractChannelHandlerContext.java:444) ~[netty-transport-4.1.107.Final.jar:4.1.107.Final]
	at io.netty.channel.AbstractChannelHandlerContext.invokeChannelRead(AbstractChannelHandlerContext.java:420) ~[netty-transport-4.1.107.Final.jar:4.1.107.Final]
	at io.netty.channel.AbstractChannelHandlerContext.fireChannelRead(AbstractChannelHandlerContext.java:412) ~[netty-transport-4.1.107.Final.jar:4.1.107.Final]
	at io.netty.handler.codec.MessageToMessageDecoder.channelRead(MessageToMessageDecoder.java:103) ~[netty-codec-4.1.107.Final.jar:4.1.107.Final]
	at io.netty.channel.AbstractChannelHandlerContext.invokeChannelRead(AbstractChannelHandlerContext.java:444) ~[netty-transport-4.1.107.Final.jar:4.1.107.Final]
	at io.netty.channel.AbstractChannelHandlerContext.invokeChannelRead(AbstractChannelHandlerContext.java:420) ~[netty-transport-4.1.107.Final.jar:4.1.107.Final]
	at io.netty.channel.AbstractChannelHandlerContext.fireChannelRead(AbstractChannelHandlerContext.java:412) ~[netty-transport-4.1.107.Final.jar:4.1.107.Final]
	at io.netty.channel.DefaultChannelPipeline$HeadContext.channelRead(DefaultChannelPipeline.java:1410) ~[netty-transport-4.1.107.Final.jar:4.1.107.Final]
	at io.netty.channel.AbstractChannelHandlerContext.invokeChannelRead(AbstractChannelHandlerContext.java:440) ~[netty-transport-4.1.107.Final.jar:4.1.107.Final]
	at io.netty.channel.AbstractChannelHandlerContext.invokeChannelRead(AbstractChannelHandlerContext.java:420) ~[netty-transport-4.1.107.Final.jar:4.1.107.Final]
	at io.netty.channel.DefaultChannelPipeline.fireChannelRead(DefaultChannelPipeline.java:919) ~[netty-transport-4.1.107.Final.jar:4.1.107.Final]
	at io.netty.channel.nio.AbstractNioMessageChannel$NioMessageUnsafe.read(AbstractNioMessageChannel.java:97) ~[netty-transport-4.1.107.Final.jar:4.1.107.Final]
	at io.netty.channel.nio.NioEventLoop.processSelectedKey(NioEventLoop.java:788) ~[netty-transport-4.1.107.Final.jar:4.1.107.Final]
	at io.netty.channel.nio.NioEventLoop.processSelectedKeysOptimized(NioEventLoop.java:724) ~[netty-transport-4.1.107.Final.jar:4.1.107.Final]
	at io.netty.channel.nio.NioEventLoop.processSelectedKeys(NioEventLoop.java:650) ~[netty-transport-4.1.107.Final.jar:4.1.107.Final]
	at io.netty.channel.nio.NioEventLoop.run(NioEventLoop.java:562) ~[netty-transport-4.1.107.Final.jar:4.1.107.Final]
	at io.netty.util.concurrent.SingleThreadEventExecutor$4.run(SingleThreadEventExecutor.java:997) ~[netty-common-4.1.107.Final.jar:4.1.107.Final]
	at io.netty.util.internal.ThreadExecutorMap$2.run(ThreadExecutorMap.java:74) ~[netty-common-4.1.107.Final.jar:4.1.107.Final]
	at io.netty.util.concurrent.FastThreadLocalRunnable.run(FastThreadLocalRunnable.java:30) ~[netty-common-4.1.107.Final.jar:4.1.107.Final]
	at java.base/java.lang.Thread.run(Thread.java:840) ~[?:?]
2024-04-18 11:58:50 [main] INFO  it.progresslab.db.ArangoDBConnector - ArangoDB connector initialized on host http://progress.localhost/ and port 8529
2024-04-18 11:58:50 [main] INFO  it.progresslab.db.ArangoDBConnector - ArangoDB connector initialized on host http://progress.localhost/ and port 8529
2024-04-18 11:58:58 [main] ERROR it.progresslab.db.ArangoDBConnector - Exception retrieving document on DB PROGRESS_PROD collection User key 2863813: Cannot contact any host!
com.arangodb.ArangoDBException: Cannot contact any host!
	at com.arangodb.ArangoDBException.of(ArangoDBException.java:137) ~[core-7.6.0.jar:7.6.0]
	at com.arangodb.ArangoDBException.of(ArangoDBException.java:111) ~[core-7.6.0.jar:7.6.0]
	at com.arangodb.ArangoDBException.of(ArangoDBException.java:107) ~[core-7.6.0.jar:7.6.0]
	at com.arangodb.internal.net.CommunicationProtocol.execute(CommunicationProtocol.java:45) ~[core-7.6.0.jar:7.6.0]
	at com.arangodb.internal.ArangoExecutorSync.execute(ArangoExecutorSync.java:55) ~[core-7.6.0.jar:7.6.0]
	at com.arangodb.internal.ArangoExecutorSync.execute(ArangoExecutorSync.java:47) ~[core-7.6.0.jar:7.6.0]
	at com.arangodb.internal.ArangoCollectionImpl.getDocument(ArangoCollectionImpl.java:137) ~[core-7.6.0.jar:7.6.0]
	at com.arangodb.internal.ArangoCollectionImpl.getDocument(ArangoCollectionImpl.java:131) ~[core-7.6.0.jar:7.6.0]
	at it.progresslab.db.ArangoDBConnector.getDocumentAsJson(ArangoDBConnector.java:75) [classes/:?]
	at it.progresslab.App.main(App.java:14) [classes/:?]
Caused by: com.arangodb.ArangoDBMultipleException
	at com.arangodb.internal.net.FallbackHostHandler.checkNext(FallbackHostHandler.java:62) ~[core-7.6.0.jar:7.6.0]
	at com.arangodb.internal.net.DirtyReadHostHandler.checkNext(DirtyReadHostHandler.java:58) ~[core-7.6.0.jar:7.6.0]
	at com.arangodb.internal.net.Communication.handleException(Communication.java:126) ~[core-7.6.0.jar:7.6.0]
	at com.arangodb.internal.net.Communication.lambda$doExecuteAsync$0(Communication.java:84) ~[core-7.6.0.jar:7.6.0]
	at java.base/java.util.concurrent.CompletableFuture.uniWhenComplete(CompletableFuture.java:863) ~[?:?]
	at java.base/java.util.concurrent.CompletableFuture$UniWhenComplete.tryFire(CompletableFuture.java:841) ~[?:?]
	at java.base/java.util.concurrent.CompletableFuture.postComplete(CompletableFuture.java:510) ~[?:?]
	at java.base/java.util.concurrent.CompletableFuture.completeExceptionally(CompletableFuture.java:2162) ~[?:?]
	at io.vertx.core.impl.future.FutureImpl$2.onFailure(FutureImpl.java:117) ~[vertx-core-4.5.5.jar:4.5.5]
	at io.vertx.core.impl.future.FutureImpl$ListenerArray.onFailure(FutureImpl.java:316) ~[vertx-core-4.5.5.jar:4.5.5]
	at io.vertx.core.impl.future.FutureBase.emitFailure(FutureBase.java:81) ~[vertx-core-4.5.5.jar:4.5.5]
	at io.vertx.core.impl.future.FutureImpl.tryFail(FutureImpl.java:278) ~[vertx-core-4.5.5.jar:4.5.5]
	at io.vertx.core.impl.future.Mapping.onFailure(Mapping.java:45) ~[vertx-core-4.5.5.jar:4.5.5]
	at io.vertx.core.impl.future.FutureBase.emitFailure(FutureBase.java:81) ~[vertx-core-4.5.5.jar:4.5.5]
	at io.vertx.core.impl.future.FutureImpl.tryFail(FutureImpl.java:278) ~[vertx-core-4.5.5.jar:4.5.5]
	at io.vertx.core.impl.future.PromiseImpl.onFailure(PromiseImpl.java:54) ~[vertx-core-4.5.5.jar:4.5.5]
	at io.vertx.core.impl.future.PromiseImpl.handle(PromiseImpl.java:43) ~[vertx-core-4.5.5.jar:4.5.5]
	at io.vertx.core.impl.future.PromiseImpl.handle(PromiseImpl.java:23) ~[vertx-core-4.5.5.jar:4.5.5]
	at io.vertx.ext.web.client.impl.HttpContext.handleFailure(HttpContext.java:393) ~[vertx-web-client-4.5.5.jar:4.5.5]
	at io.vertx.ext.web.client.impl.HttpContext.execute(HttpContext.java:387) ~[vertx-web-client-4.5.5.jar:4.5.5]
	at io.vertx.ext.web.client.impl.HttpContext.next(HttpContext.java:362) ~[vertx-web-client-4.5.5.jar:4.5.5]
	at io.vertx.ext.web.client.impl.HttpContext.fire(HttpContext.java:329) ~[vertx-web-client-4.5.5.jar:4.5.5]
	at io.vertx.ext.web.client.impl.HttpContext.fail(HttpContext.java:310) ~[vertx-web-client-4.5.5.jar:4.5.5]
	at io.vertx.ext.web.client.impl.HttpContext.lambda$handleCreateRequest$6(HttpContext.java:493) ~[vertx-web-client-4.5.5.jar:4.5.5]
	at io.vertx.core.impl.future.FutureImpl$4.onFailure(FutureImpl.java:188) ~[vertx-core-4.5.5.jar:4.5.5]
	at io.vertx.core.impl.future.FutureBase.emitFailure(FutureBase.java:81) ~[vertx-core-4.5.5.jar:4.5.5]
	at io.vertx.core.impl.future.FutureImpl.tryFail(FutureImpl.java:278) ~[vertx-core-4.5.5.jar:4.5.5]
	at io.vertx.core.http.impl.HttpClientImpl.lambda$doRequest$4(HttpClientImpl.java:398) ~[vertx-core-4.5.5.jar:4.5.5]
	at io.vertx.core.net.impl.pool.Endpoint.lambda$getConnection$0(Endpoint.java:52) ~[vertx-core-4.5.5.jar:4.5.5]
	at io.vertx.core.http.impl.SharedClientHttpStreamEndpoint$Request.handle(SharedClientHttpStreamEndpoint.java:162) ~[vertx-core-4.5.5.jar:4.5.5]
	at io.vertx.core.http.impl.SharedClientHttpStreamEndpoint$Request.handle(SharedClientHttpStreamEndpoint.java:123) ~[vertx-core-4.5.5.jar:4.5.5]
	at io.vertx.core.impl.ContextImpl.emit(ContextImpl.java:328) ~[vertx-core-4.5.5.jar:4.5.5]
	at io.vertx.core.impl.ContextImpl.emit(ContextImpl.java:321) ~[vertx-core-4.5.5.jar:4.5.5]
	at io.vertx.core.net.impl.pool.SimpleConnectionPool$ConnectFailed$1.run(SimpleConnectionPool.java:380) ~[vertx-core-4.5.5.jar:4.5.5]
	at io.vertx.core.net.impl.pool.Task.runNextTasks(Task.java:43) ~[vertx-core-4.5.5.jar:4.5.5]
	at io.vertx.core.net.impl.pool.CombinerExecutor.submit(CombinerExecutor.java:91) ~[vertx-core-4.5.5.jar:4.5.5]
	at io.vertx.core.net.impl.pool.SimpleConnectionPool.execute(SimpleConnectionPool.java:244) ~[vertx-core-4.5.5.jar:4.5.5]
	at io.vertx.core.net.impl.pool.SimpleConnectionPool.lambda$connect$2(SimpleConnectionPool.java:258) ~[vertx-core-4.5.5.jar:4.5.5]
	at io.vertx.core.http.impl.SharedClientHttpStreamEndpoint.lambda$connect$2(SharedClientHttpStreamEndpoint.java:104) ~[vertx-core-4.5.5.jar:4.5.5]
	at io.vertx.core.impl.future.FutureImpl$4.onFailure(FutureImpl.java:188) ~[vertx-core-4.5.5.jar:4.5.5]
	at io.vertx.core.impl.future.FutureBase.emitFailure(FutureBase.java:81) ~[vertx-core-4.5.5.jar:4.5.5]
	at io.vertx.core.impl.future.FutureImpl.tryFail(FutureImpl.java:278) ~[vertx-core-4.5.5.jar:4.5.5]
	at io.vertx.core.impl.future.Composition$1.onFailure(Composition.java:66) ~[vertx-core-4.5.5.jar:4.5.5]
	at io.vertx.core.impl.future.FutureBase.emitFailure(FutureBase.java:81) ~[vertx-core-4.5.5.jar:4.5.5]
	at io.vertx.core.impl.future.FailedFuture.addListener(FailedFuture.java:98) ~[vertx-core-4.5.5.jar:4.5.5]
	at io.vertx.core.impl.future.Composition.onFailure(Composition.java:55) ~[vertx-core-4.5.5.jar:4.5.5]
	at io.vertx.core.impl.future.FutureBase.emitFailure(FutureBase.java:81) ~[vertx-core-4.5.5.jar:4.5.5]
	at io.vertx.core.impl.future.FutureImpl.tryFail(FutureImpl.java:278) ~[vertx-core-4.5.5.jar:4.5.5]
	at io.vertx.core.impl.ContextImpl.emit(ContextImpl.java:328) ~[vertx-core-4.5.5.jar:4.5.5]
	at io.vertx.core.impl.ContextImpl.emit(ContextImpl.java:321) ~[vertx-core-4.5.5.jar:4.5.5]
	at io.vertx.core.net.impl.NetClientImpl.failed(NetClientImpl.java:352) ~[vertx-core-4.5.5.jar:4.5.5]
	at io.vertx.core.net.impl.NetClientImpl.lambda$connectInternal2$6(NetClientImpl.java:324) ~[vertx-core-4.5.5.jar:4.5.5]
	at io.netty.util.concurrent.DefaultPromise.notifyListener0(DefaultPromise.java:590) ~[netty-common-4.1.107.Final.jar:4.1.107.Final]
	at io.netty.util.concurrent.DefaultPromise.notifyListenersNow(DefaultPromise.java:557) ~[netty-common-4.1.107.Final.jar:4.1.107.Final]
	at io.netty.util.concurrent.DefaultPromise.notifyListeners(DefaultPromise.java:492) ~[netty-common-4.1.107.Final.jar:4.1.107.Final]
	at io.netty.util.concurrent.DefaultPromise.setValue0(DefaultPromise.java:636) ~[netty-common-4.1.107.Final.jar:4.1.107.Final]
	at io.netty.util.concurrent.DefaultPromise.setFailure0(DefaultPromise.java:629) ~[netty-common-4.1.107.Final.jar:4.1.107.Final]
	at io.netty.util.concurrent.DefaultPromise.setFailure(DefaultPromise.java:110) ~[netty-common-4.1.107.Final.jar:4.1.107.Final]
	at io.vertx.core.net.impl.ChannelProvider.lambda$handleConnect$0(ChannelProvider.java:157) ~[vertx-core-4.5.5.jar:4.5.5]
	at io.netty.util.concurrent.DefaultPromise.notifyListener0(DefaultPromise.java:590) ~[netty-common-4.1.107.Final.jar:4.1.107.Final]
	at io.netty.util.concurrent.DefaultPromise.notifyListenersNow(DefaultPromise.java:557) ~[netty-common-4.1.107.Final.jar:4.1.107.Final]
	at io.netty.util.concurrent.DefaultPromise.notifyListeners(DefaultPromise.java:492) ~[netty-common-4.1.107.Final.jar:4.1.107.Final]
	at io.netty.util.concurrent.DefaultPromise.setValue0(DefaultPromise.java:636) ~[netty-common-4.1.107.Final.jar:4.1.107.Final]
	at io.netty.util.concurrent.DefaultPromise.setFailure0(DefaultPromise.java:629) ~[netty-common-4.1.107.Final.jar:4.1.107.Final]
	at io.netty.util.concurrent.DefaultPromise.setFailure(DefaultPromise.java:110) ~[netty-common-4.1.107.Final.jar:4.1.107.Final]
	at io.netty.channel.DefaultChannelPromise.setFailure(DefaultChannelPromise.java:89) ~[netty-transport-4.1.107.Final.jar:4.1.107.Final]
	at io.netty.bootstrap.Bootstrap$2.operationComplete(Bootstrap.java:242) ~[netty-transport-4.1.107.Final.jar:4.1.107.Final]
	at io.netty.util.concurrent.DefaultPromise.notifyListener0(DefaultPromise.java:590) ~[netty-common-4.1.107.Final.jar:4.1.107.Final]
	at io.netty.util.concurrent.DefaultPromise.notifyListenersNow(DefaultPromise.java:557) ~[netty-common-4.1.107.Final.jar:4.1.107.Final]
	at io.netty.util.concurrent.DefaultPromise.notifyListeners(DefaultPromise.java:492) ~[netty-common-4.1.107.Final.jar:4.1.107.Final]
	at io.netty.util.concurrent.DefaultPromise.setValue0(DefaultPromise.java:636) ~[netty-common-4.1.107.Final.jar:4.1.107.Final]
	at io.netty.util.concurrent.DefaultPromise.setFailure0(DefaultPromise.java:629) ~[netty-common-4.1.107.Final.jar:4.1.107.Final]
	at io.netty.util.concurrent.DefaultPromise.setFailure(DefaultPromise.java:110) ~[netty-common-4.1.107.Final.jar:4.1.107.Final]
	at io.netty.resolver.InetSocketAddressResolver$1.operationComplete(InetSocketAddressResolver.java:62) ~[netty-resolver-4.1.107.Final.jar:4.1.107.Final]
	at io.netty.util.concurrent.DefaultPromise.notifyListener0(DefaultPromise.java:590) ~[netty-common-4.1.107.Final.jar:4.1.107.Final]
	at io.netty.util.concurrent.DefaultPromise.notifyListeners0(DefaultPromise.java:583) ~[netty-common-4.1.107.Final.jar:4.1.107.Final]
	at io.netty.util.concurrent.DefaultPromise.notifyListenersNow(DefaultPromise.java:559) ~[netty-common-4.1.107.Final.jar:4.1.107.Final]
	at io.netty.util.concurrent.DefaultPromise.notifyListeners(DefaultPromise.java:492) ~[netty-common-4.1.107.Final.jar:4.1.107.Final]
	at io.netty.util.concurrent.DefaultPromise.setValue0(DefaultPromise.java:636) ~[netty-common-4.1.107.Final.jar:4.1.107.Final]
	at io.netty.util.concurrent.DefaultPromise.setFailure0(DefaultPromise.java:629) ~[netty-common-4.1.107.Final.jar:4.1.107.Final]
	at io.netty.util.concurrent.DefaultPromise.tryFailure(DefaultPromise.java:118) ~[netty-common-4.1.107.Final.jar:4.1.107.Final]
	at io.netty.resolver.dns.DnsNameResolver.tryFailure(DnsNameResolver.java:1037) ~[netty-resolver-dns-4.1.107.Final.jar:4.1.107.Final]
	at io.netty.resolver.dns.DnsNameResolver.access$500(DnsNameResolver.java:95) ~[netty-resolver-dns-4.1.107.Final.jar:4.1.107.Final]
	at io.netty.resolver.dns.DnsNameResolver$7.operationComplete(DnsNameResolver.java:1057) ~[netty-resolver-dns-4.1.107.Final.jar:4.1.107.Final]
	at io.netty.util.concurrent.DefaultPromise.notifyListener0(DefaultPromise.java:590) ~[netty-common-4.1.107.Final.jar:4.1.107.Final]
	at io.netty.util.concurrent.DefaultPromise.notifyListenersNow(DefaultPromise.java:557) ~[netty-common-4.1.107.Final.jar:4.1.107.Final]
	at io.netty.util.concurrent.DefaultPromise.notifyListeners(DefaultPromise.java:492) ~[netty-common-4.1.107.Final.jar:4.1.107.Final]
	at io.netty.util.concurrent.DefaultPromise.setValue0(DefaultPromise.java:636) ~[netty-common-4.1.107.Final.jar:4.1.107.Final]
	at io.netty.util.concurrent.DefaultPromise.setFailure0(DefaultPromise.java:629) ~[netty-common-4.1.107.Final.jar:4.1.107.Final]
	at io.netty.util.concurrent.DefaultPromise.tryFailure(DefaultPromise.java:118) ~[netty-common-4.1.107.Final.jar:4.1.107.Final]
	at io.netty.resolver.dns.DnsResolveContext.finishResolve(DnsResolveContext.java:1133) ~[netty-resolver-dns-4.1.107.Final.jar:4.1.107.Final]
	at io.netty.resolver.dns.DnsResolveContext.tryToFinishResolve(DnsResolveContext.java:1072) ~[netty-resolver-dns-4.1.107.Final.jar:4.1.107.Final]
	at io.netty.resolver.dns.DnsResolveContext.query(DnsResolveContext.java:444) ~[netty-resolver-dns-4.1.107.Final.jar:4.1.107.Final]
	at io.netty.resolver.dns.DnsResolveContext.onResponse(DnsResolveContext.java:675) ~[netty-resolver-dns-4.1.107.Final.jar:4.1.107.Final]
	at io.netty.resolver.dns.DnsResolveContext.access$500(DnsResolveContext.java:68) ~[netty-resolver-dns-4.1.107.Final.jar:4.1.107.Final]
	at io.netty.resolver.dns.DnsResolveContext$2.operationComplete(DnsResolveContext.java:502) ~[netty-resolver-dns-4.1.107.Final.jar:4.1.107.Final]
	at io.netty.util.concurrent.DefaultPromise.notifyListener0(DefaultPromise.java:590) ~[netty-common-4.1.107.Final.jar:4.1.107.Final]
	at io.netty.util.concurrent.DefaultPromise.notifyListeners0(DefaultPromise.java:583) ~[netty-common-4.1.107.Final.jar:4.1.107.Final]
	at io.netty.util.concurrent.DefaultPromise.notifyListenersNow(DefaultPromise.java:559) ~[netty-common-4.1.107.Final.jar:4.1.107.Final]
	at io.netty.util.concurrent.DefaultPromise.notifyListeners(DefaultPromise.java:492) ~[netty-common-4.1.107.Final.jar:4.1.107.Final]
	at io.netty.util.concurrent.DefaultPromise.setValue0(DefaultPromise.java:636) ~[netty-common-4.1.107.Final.jar:4.1.107.Final]
	at io.netty.util.concurrent.DefaultPromise.setSuccess0(DefaultPromise.java:625) ~[netty-common-4.1.107.Final.jar:4.1.107.Final]
	at io.netty.util.concurrent.DefaultPromise.trySuccess(DefaultPromise.java:105) ~[netty-common-4.1.107.Final.jar:4.1.107.Final]
	at io.netty.resolver.dns.DnsQueryContext.trySuccess(DnsQueryContext.java:345) ~[netty-resolver-dns-4.1.107.Final.jar:4.1.107.Final]
	at io.netty.resolver.dns.DnsQueryContext.finishSuccess(DnsQueryContext.java:336) ~[netty-resolver-dns-4.1.107.Final.jar:4.1.107.Final]
	at io.netty.resolver.dns.DnsNameResolver$DnsResponseHandler.channelRead(DnsNameResolver.java:1382) ~[netty-resolver-dns-4.1.107.Final.jar:4.1.107.Final]
	at io.netty.channel.AbstractChannelHandlerContext.invokeChannelRead(AbstractChannelHandlerContext.java:444) ~[netty-transport-4.1.107.Final.jar:4.1.107.Final]
	at io.netty.channel.AbstractChannelHandlerContext.invokeChannelRead(AbstractChannelHandlerContext.java:420) ~[netty-transport-4.1.107.Final.jar:4.1.107.Final]
	at io.netty.channel.AbstractChannelHandlerContext.fireChannelRead(AbstractChannelHandlerContext.java:412) ~[netty-transport-4.1.107.Final.jar:4.1.107.Final]
	at io.netty.handler.codec.MessageToMessageDecoder.channelRead(MessageToMessageDecoder.java:103) ~[netty-codec-4.1.107.Final.jar:4.1.107.Final]
	at io.netty.channel.AbstractChannelHandlerContext.invokeChannelRead(AbstractChannelHandlerContext.java:444) ~[netty-transport-4.1.107.Final.jar:4.1.107.Final]
	at io.netty.channel.AbstractChannelHandlerContext.invokeChannelRead(AbstractChannelHandlerContext.java:420) ~[netty-transport-4.1.107.Final.jar:4.1.107.Final]
	at io.netty.channel.AbstractChannelHandlerContext.fireChannelRead(AbstractChannelHandlerContext.java:412) ~[netty-transport-4.1.107.Final.jar:4.1.107.Final]
	at io.netty.channel.DefaultChannelPipeline$HeadContext.channelRead(DefaultChannelPipeline.java:1410) ~[netty-transport-4.1.107.Final.jar:4.1.107.Final]
	at io.netty.channel.AbstractChannelHandlerContext.invokeChannelRead(AbstractChannelHandlerContext.java:440) ~[netty-transport-4.1.107.Final.jar:4.1.107.Final]
	at io.netty.channel.AbstractChannelHandlerContext.invokeChannelRead(AbstractChannelHandlerContext.java:420) ~[netty-transport-4.1.107.Final.jar:4.1.107.Final]
	at io.netty.channel.DefaultChannelPipeline.fireChannelRead(DefaultChannelPipeline.java:919) ~[netty-transport-4.1.107.Final.jar:4.1.107.Final]
	at io.netty.channel.nio.AbstractNioMessageChannel$NioMessageUnsafe.read(AbstractNioMessageChannel.java:97) ~[netty-transport-4.1.107.Final.jar:4.1.107.Final]
	at io.netty.channel.nio.NioEventLoop.processSelectedKey(NioEventLoop.java:788) ~[netty-transport-4.1.107.Final.jar:4.1.107.Final]
	at io.netty.channel.nio.NioEventLoop.processSelectedKeysOptimized(NioEventLoop.java:724) ~[netty-transport-4.1.107.Final.jar:4.1.107.Final]
	at io.netty.channel.nio.NioEventLoop.processSelectedKeys(NioEventLoop.java:650) ~[netty-transport-4.1.107.Final.jar:4.1.107.Final]
	at io.netty.channel.nio.NioEventLoop.run(NioEventLoop.java:562) ~[netty-transport-4.1.107.Final.jar:4.1.107.Final]
	at io.netty.util.concurrent.SingleThreadEventExecutor$4.run(SingleThreadEventExecutor.java:997) ~[netty-common-4.1.107.Final.jar:4.1.107.Final]
	at io.netty.util.internal.ThreadExecutorMap$2.run(ThreadExecutorMap.java:74) ~[netty-common-4.1.107.Final.jar:4.1.107.Final]
	at io.netty.util.concurrent.FastThreadLocalRunnable.run(FastThreadLocalRunnable.java:30) ~[netty-common-4.1.107.Final.jar:4.1.107.Final]
	at java.base/java.lang.Thread.run(Thread.java:840) ~[?:?]
2024-04-18 11:58:58 [main] ERROR it.progresslab.db.ArangoDBConnector - Exception retrieving document on DB PROGRESS_PROD collection User key 2863813: Cannot contact any host!
com.arangodb.ArangoDBException: Cannot contact any host!
	at com.arangodb.ArangoDBException.of(ArangoDBException.java:137) ~[core-7.6.0.jar:7.6.0]
	at com.arangodb.ArangoDBException.of(ArangoDBException.java:111) ~[core-7.6.0.jar:7.6.0]
	at com.arangodb.ArangoDBException.of(ArangoDBException.java:107) ~[core-7.6.0.jar:7.6.0]
	at com.arangodb.internal.net.CommunicationProtocol.execute(CommunicationProtocol.java:45) ~[core-7.6.0.jar:7.6.0]
	at com.arangodb.internal.ArangoExecutorSync.execute(ArangoExecutorSync.java:55) ~[core-7.6.0.jar:7.6.0]
	at com.arangodb.internal.ArangoExecutorSync.execute(ArangoExecutorSync.java:47) ~[core-7.6.0.jar:7.6.0]
	at com.arangodb.internal.ArangoCollectionImpl.getDocument(ArangoCollectionImpl.java:137) ~[core-7.6.0.jar:7.6.0]
	at com.arangodb.internal.ArangoCollectionImpl.getDocument(ArangoCollectionImpl.java:131) ~[core-7.6.0.jar:7.6.0]
	at it.progresslab.db.ArangoDBConnector.getDocumentAsJson(ArangoDBConnector.java:75) [classes/:?]
	at it.progresslab.App.main(App.java:14) [classes/:?]
Caused by: com.arangodb.ArangoDBMultipleException
	at com.arangodb.internal.net.FallbackHostHandler.checkNext(FallbackHostHandler.java:62) ~[core-7.6.0.jar:7.6.0]
	at com.arangodb.internal.net.DirtyReadHostHandler.checkNext(DirtyReadHostHandler.java:58) ~[core-7.6.0.jar:7.6.0]
	at com.arangodb.internal.net.Communication.handleException(Communication.java:126) ~[core-7.6.0.jar:7.6.0]
	at com.arangodb.internal.net.Communication.lambda$doExecuteAsync$0(Communication.java:84) ~[core-7.6.0.jar:7.6.0]
	at java.base/java.util.concurrent.CompletableFuture.uniWhenComplete(CompletableFuture.java:863) ~[?:?]
	at java.base/java.util.concurrent.CompletableFuture$UniWhenComplete.tryFire(CompletableFuture.java:841) ~[?:?]
	at java.base/java.util.concurrent.CompletableFuture.postComplete(CompletableFuture.java:510) ~[?:?]
	at java.base/java.util.concurrent.CompletableFuture.completeExceptionally(CompletableFuture.java:2162) ~[?:?]
	at io.vertx.core.impl.future.FutureImpl$2.onFailure(FutureImpl.java:117) ~[vertx-core-4.5.5.jar:4.5.5]
	at io.vertx.core.impl.future.FutureImpl$ListenerArray.onFailure(FutureImpl.java:316) ~[vertx-core-4.5.5.jar:4.5.5]
	at io.vertx.core.impl.future.FutureBase.emitFailure(FutureBase.java:81) ~[vertx-core-4.5.5.jar:4.5.5]
	at io.vertx.core.impl.future.FutureImpl.tryFail(FutureImpl.java:278) ~[vertx-core-4.5.5.jar:4.5.5]
	at io.vertx.core.impl.future.Mapping.onFailure(Mapping.java:45) ~[vertx-core-4.5.5.jar:4.5.5]
	at io.vertx.core.impl.future.FutureBase.emitFailure(FutureBase.java:81) ~[vertx-core-4.5.5.jar:4.5.5]
	at io.vertx.core.impl.future.FutureImpl.tryFail(FutureImpl.java:278) ~[vertx-core-4.5.5.jar:4.5.5]
	at io.vertx.core.impl.future.PromiseImpl.onFailure(PromiseImpl.java:54) ~[vertx-core-4.5.5.jar:4.5.5]
	at io.vertx.core.impl.future.PromiseImpl.handle(PromiseImpl.java:43) ~[vertx-core-4.5.5.jar:4.5.5]
	at io.vertx.core.impl.future.PromiseImpl.handle(PromiseImpl.java:23) ~[vertx-core-4.5.5.jar:4.5.5]
	at io.vertx.ext.web.client.impl.HttpContext.handleFailure(HttpContext.java:393) ~[vertx-web-client-4.5.5.jar:4.5.5]
	at io.vertx.ext.web.client.impl.HttpContext.execute(HttpContext.java:387) ~[vertx-web-client-4.5.5.jar:4.5.5]
	at io.vertx.ext.web.client.impl.HttpContext.next(HttpContext.java:362) ~[vertx-web-client-4.5.5.jar:4.5.5]
	at io.vertx.ext.web.client.impl.HttpContext.fire(HttpContext.java:329) ~[vertx-web-client-4.5.5.jar:4.5.5]
	at io.vertx.ext.web.client.impl.HttpContext.fail(HttpContext.java:310) ~[vertx-web-client-4.5.5.jar:4.5.5]
	at io.vertx.ext.web.client.impl.HttpContext.lambda$handleCreateRequest$6(HttpContext.java:493) ~[vertx-web-client-4.5.5.jar:4.5.5]
	at io.vertx.core.impl.future.FutureImpl$4.onFailure(FutureImpl.java:188) ~[vertx-core-4.5.5.jar:4.5.5]
	at io.vertx.core.impl.future.FutureBase.emitFailure(FutureBase.java:81) ~[vertx-core-4.5.5.jar:4.5.5]
	at io.vertx.core.impl.future.FutureImpl.tryFail(FutureImpl.java:278) ~[vertx-core-4.5.5.jar:4.5.5]
	at io.vertx.core.http.impl.HttpClientImpl.lambda$doRequest$4(HttpClientImpl.java:398) ~[vertx-core-4.5.5.jar:4.5.5]
	at io.vertx.core.net.impl.pool.Endpoint.lambda$getConnection$0(Endpoint.java:52) ~[vertx-core-4.5.5.jar:4.5.5]
	at io.vertx.core.http.impl.SharedClientHttpStreamEndpoint$Request.handle(SharedClientHttpStreamEndpoint.java:162) ~[vertx-core-4.5.5.jar:4.5.5]
	at io.vertx.core.http.impl.SharedClientHttpStreamEndpoint$Request.handle(SharedClientHttpStreamEndpoint.java:123) ~[vertx-core-4.5.5.jar:4.5.5]
	at io.vertx.core.impl.ContextImpl.emit(ContextImpl.java:328) ~[vertx-core-4.5.5.jar:4.5.5]
	at io.vertx.core.impl.ContextImpl.emit(ContextImpl.java:321) ~[vertx-core-4.5.5.jar:4.5.5]
	at io.vertx.core.net.impl.pool.SimpleConnectionPool$ConnectFailed$1.run(SimpleConnectionPool.java:380) ~[vertx-core-4.5.5.jar:4.5.5]
	at io.vertx.core.net.impl.pool.Task.runNextTasks(Task.java:43) ~[vertx-core-4.5.5.jar:4.5.5]
	at io.vertx.core.net.impl.pool.CombinerExecutor.submit(CombinerExecutor.java:91) ~[vertx-core-4.5.5.jar:4.5.5]
	at io.vertx.core.net.impl.pool.SimpleConnectionPool.execute(SimpleConnectionPool.java:244) ~[vertx-core-4.5.5.jar:4.5.5]
	at io.vertx.core.net.impl.pool.SimpleConnectionPool.lambda$connect$2(SimpleConnectionPool.java:258) ~[vertx-core-4.5.5.jar:4.5.5]
	at io.vertx.core.http.impl.SharedClientHttpStreamEndpoint.lambda$connect$2(SharedClientHttpStreamEndpoint.java:104) ~[vertx-core-4.5.5.jar:4.5.5]
	at io.vertx.core.impl.future.FutureImpl$4.onFailure(FutureImpl.java:188) ~[vertx-core-4.5.5.jar:4.5.5]
	at io.vertx.core.impl.future.FutureBase.emitFailure(FutureBase.java:81) ~[vertx-core-4.5.5.jar:4.5.5]
	at io.vertx.core.impl.future.FutureImpl.tryFail(FutureImpl.java:278) ~[vertx-core-4.5.5.jar:4.5.5]
	at io.vertx.core.impl.future.Composition$1.onFailure(Composition.java:66) ~[vertx-core-4.5.5.jar:4.5.5]
	at io.vertx.core.impl.future.FutureBase.emitFailure(FutureBase.java:81) ~[vertx-core-4.5.5.jar:4.5.5]
	at io.vertx.core.impl.future.FailedFuture.addListener(FailedFuture.java:98) ~[vertx-core-4.5.5.jar:4.5.5]
	at io.vertx.core.impl.future.Composition.onFailure(Composition.java:55) ~[vertx-core-4.5.5.jar:4.5.5]
	at io.vertx.core.impl.future.FutureBase.emitFailure(FutureBase.java:81) ~[vertx-core-4.5.5.jar:4.5.5]
	at io.vertx.core.impl.future.FutureImpl.tryFail(FutureImpl.java:278) ~[vertx-core-4.5.5.jar:4.5.5]
	at io.vertx.core.impl.ContextImpl.emit(ContextImpl.java:328) ~[vertx-core-4.5.5.jar:4.5.5]
	at io.vertx.core.impl.ContextImpl.emit(ContextImpl.java:321) ~[vertx-core-4.5.5.jar:4.5.5]
	at io.vertx.core.net.impl.NetClientImpl.failed(NetClientImpl.java:352) ~[vertx-core-4.5.5.jar:4.5.5]
	at io.vertx.core.net.impl.NetClientImpl.lambda$connectInternal2$6(NetClientImpl.java:324) ~[vertx-core-4.5.5.jar:4.5.5]
	at io.netty.util.concurrent.DefaultPromise.notifyListener0(DefaultPromise.java:590) ~[netty-common-4.1.107.Final.jar:4.1.107.Final]
	at io.netty.util.concurrent.DefaultPromise.notifyListenersNow(DefaultPromise.java:557) ~[netty-common-4.1.107.Final.jar:4.1.107.Final]
	at io.netty.util.concurrent.DefaultPromise.notifyListeners(DefaultPromise.java:492) ~[netty-common-4.1.107.Final.jar:4.1.107.Final]
	at io.netty.util.concurrent.DefaultPromise.setValue0(DefaultPromise.java:636) ~[netty-common-4.1.107.Final.jar:4.1.107.Final]
	at io.netty.util.concurrent.DefaultPromise.setFailure0(DefaultPromise.java:629) ~[netty-common-4.1.107.Final.jar:4.1.107.Final]
	at io.netty.util.concurrent.DefaultPromise.setFailure(DefaultPromise.java:110) ~[netty-common-4.1.107.Final.jar:4.1.107.Final]
	at io.vertx.core.net.impl.ChannelProvider.lambda$handleConnect$0(ChannelProvider.java:157) ~[vertx-core-4.5.5.jar:4.5.5]
	at io.netty.util.concurrent.DefaultPromise.notifyListener0(DefaultPromise.java:590) ~[netty-common-4.1.107.Final.jar:4.1.107.Final]
	at io.netty.util.concurrent.DefaultPromise.notifyListenersNow(DefaultPromise.java:557) ~[netty-common-4.1.107.Final.jar:4.1.107.Final]
	at io.netty.util.concurrent.DefaultPromise.notifyListeners(DefaultPromise.java:492) ~[netty-common-4.1.107.Final.jar:4.1.107.Final]
	at io.netty.util.concurrent.DefaultPromise.setValue0(DefaultPromise.java:636) ~[netty-common-4.1.107.Final.jar:4.1.107.Final]
	at io.netty.util.concurrent.DefaultPromise.setFailure0(DefaultPromise.java:629) ~[netty-common-4.1.107.Final.jar:4.1.107.Final]
	at io.netty.util.concurrent.DefaultPromise.setFailure(DefaultPromise.java:110) ~[netty-common-4.1.107.Final.jar:4.1.107.Final]
	at io.netty.channel.DefaultChannelPromise.setFailure(DefaultChannelPromise.java:89) ~[netty-transport-4.1.107.Final.jar:4.1.107.Final]
	at io.netty.bootstrap.Bootstrap$2.operationComplete(Bootstrap.java:242) ~[netty-transport-4.1.107.Final.jar:4.1.107.Final]
	at io.netty.util.concurrent.DefaultPromise.notifyListener0(DefaultPromise.java:590) ~[netty-common-4.1.107.Final.jar:4.1.107.Final]
	at io.netty.util.concurrent.DefaultPromise.notifyListenersNow(DefaultPromise.java:557) ~[netty-common-4.1.107.Final.jar:4.1.107.Final]
	at io.netty.util.concurrent.DefaultPromise.notifyListeners(DefaultPromise.java:492) ~[netty-common-4.1.107.Final.jar:4.1.107.Final]
	at io.netty.util.concurrent.DefaultPromise.setValue0(DefaultPromise.java:636) ~[netty-common-4.1.107.Final.jar:4.1.107.Final]
	at io.netty.util.concurrent.DefaultPromise.setFailure0(DefaultPromise.java:629) ~[netty-common-4.1.107.Final.jar:4.1.107.Final]
	at io.netty.util.concurrent.DefaultPromise.setFailure(DefaultPromise.java:110) ~[netty-common-4.1.107.Final.jar:4.1.107.Final]
	at io.netty.resolver.InetSocketAddressResolver$1.operationComplete(InetSocketAddressResolver.java:62) ~[netty-resolver-4.1.107.Final.jar:4.1.107.Final]
	at io.netty.util.concurrent.DefaultPromise.notifyListener0(DefaultPromise.java:590) ~[netty-common-4.1.107.Final.jar:4.1.107.Final]
	at io.netty.util.concurrent.DefaultPromise.notifyListeners0(DefaultPromise.java:583) ~[netty-common-4.1.107.Final.jar:4.1.107.Final]
	at io.netty.util.concurrent.DefaultPromise.notifyListenersNow(DefaultPromise.java:559) ~[netty-common-4.1.107.Final.jar:4.1.107.Final]
	at io.netty.util.concurrent.DefaultPromise.notifyListeners(DefaultPromise.java:492) ~[netty-common-4.1.107.Final.jar:4.1.107.Final]
	at io.netty.util.concurrent.DefaultPromise.setValue0(DefaultPromise.java:636) ~[netty-common-4.1.107.Final.jar:4.1.107.Final]
	at io.netty.util.concurrent.DefaultPromise.setFailure0(DefaultPromise.java:629) ~[netty-common-4.1.107.Final.jar:4.1.107.Final]
	at io.netty.util.concurrent.DefaultPromise.tryFailure(DefaultPromise.java:118) ~[netty-common-4.1.107.Final.jar:4.1.107.Final]
	at io.netty.resolver.dns.DnsNameResolver.tryFailure(DnsNameResolver.java:1037) ~[netty-resolver-dns-4.1.107.Final.jar:4.1.107.Final]
	at io.netty.resolver.dns.DnsNameResolver.access$500(DnsNameResolver.java:95) ~[netty-resolver-dns-4.1.107.Final.jar:4.1.107.Final]
	at io.netty.resolver.dns.DnsNameResolver$7.operationComplete(DnsNameResolver.java:1057) ~[netty-resolver-dns-4.1.107.Final.jar:4.1.107.Final]
	at io.netty.util.concurrent.DefaultPromise.notifyListener0(DefaultPromise.java:590) ~[netty-common-4.1.107.Final.jar:4.1.107.Final]
	at io.netty.util.concurrent.DefaultPromise.notifyListenersNow(DefaultPromise.java:557) ~[netty-common-4.1.107.Final.jar:4.1.107.Final]
	at io.netty.util.concurrent.DefaultPromise.notifyListeners(DefaultPromise.java:492) ~[netty-common-4.1.107.Final.jar:4.1.107.Final]
	at io.netty.util.concurrent.DefaultPromise.setValue0(DefaultPromise.java:636) ~[netty-common-4.1.107.Final.jar:4.1.107.Final]
	at io.netty.util.concurrent.DefaultPromise.setFailure0(DefaultPromise.java:629) ~[netty-common-4.1.107.Final.jar:4.1.107.Final]
	at io.netty.util.concurrent.DefaultPromise.tryFailure(DefaultPromise.java:118) ~[netty-common-4.1.107.Final.jar:4.1.107.Final]
	at io.netty.resolver.dns.DnsResolveContext.finishResolve(DnsResolveContext.java:1133) ~[netty-resolver-dns-4.1.107.Final.jar:4.1.107.Final]
	at io.netty.resolver.dns.DnsResolveContext.tryToFinishResolve(DnsResolveContext.java:1072) ~[netty-resolver-dns-4.1.107.Final.jar:4.1.107.Final]
	at io.netty.resolver.dns.DnsResolveContext.query(DnsResolveContext.java:444) ~[netty-resolver-dns-4.1.107.Final.jar:4.1.107.Final]
	at io.netty.resolver.dns.DnsResolveContext.onResponse(DnsResolveContext.java:675) ~[netty-resolver-dns-4.1.107.Final.jar:4.1.107.Final]
	at io.netty.resolver.dns.DnsResolveContext.access$500(DnsResolveContext.java:68) ~[netty-resolver-dns-4.1.107.Final.jar:4.1.107.Final]
	at io.netty.resolver.dns.DnsResolveContext$2.operationComplete(DnsResolveContext.java:502) ~[netty-resolver-dns-4.1.107.Final.jar:4.1.107.Final]
	at io.netty.util.concurrent.DefaultPromise.notifyListener0(DefaultPromise.java:590) ~[netty-common-4.1.107.Final.jar:4.1.107.Final]
	at io.netty.util.concurrent.DefaultPromise.notifyListeners0(DefaultPromise.java:583) ~[netty-common-4.1.107.Final.jar:4.1.107.Final]
	at io.netty.util.concurrent.DefaultPromise.notifyListenersNow(DefaultPromise.java:559) ~[netty-common-4.1.107.Final.jar:4.1.107.Final]
	at io.netty.util.concurrent.DefaultPromise.notifyListeners(DefaultPromise.java:492) ~[netty-common-4.1.107.Final.jar:4.1.107.Final]
	at io.netty.util.concurrent.DefaultPromise.setValue0(DefaultPromise.java:636) ~[netty-common-4.1.107.Final.jar:4.1.107.Final]
	at io.netty.util.concurrent.DefaultPromise.setSuccess0(DefaultPromise.java:625) ~[netty-common-4.1.107.Final.jar:4.1.107.Final]
	at io.netty.util.concurrent.DefaultPromise.trySuccess(DefaultPromise.java:105) ~[netty-common-4.1.107.Final.jar:4.1.107.Final]
	at io.netty.resolver.dns.DnsQueryContext.trySuccess(DnsQueryContext.java:345) ~[netty-resolver-dns-4.1.107.Final.jar:4.1.107.Final]
	at io.netty.resolver.dns.DnsQueryContext.finishSuccess(DnsQueryContext.java:336) ~[netty-resolver-dns-4.1.107.Final.jar:4.1.107.Final]
	at io.netty.resolver.dns.DnsNameResolver$DnsResponseHandler.channelRead(DnsNameResolver.java:1382) ~[netty-resolver-dns-4.1.107.Final.jar:4.1.107.Final]
	at io.netty.channel.AbstractChannelHandlerContext.invokeChannelRead(AbstractChannelHandlerContext.java:444) ~[netty-transport-4.1.107.Final.jar:4.1.107.Final]
	at io.netty.channel.AbstractChannelHandlerContext.invokeChannelRead(AbstractChannelHandlerContext.java:420) ~[netty-transport-4.1.107.Final.jar:4.1.107.Final]
	at io.netty.channel.AbstractChannelHandlerContext.fireChannelRead(AbstractChannelHandlerContext.java:412) ~[netty-transport-4.1.107.Final.jar:4.1.107.Final]
	at io.netty.handler.codec.MessageToMessageDecoder.channelRead(MessageToMessageDecoder.java:103) ~[netty-codec-4.1.107.Final.jar:4.1.107.Final]
	at io.netty.channel.AbstractChannelHandlerContext.invokeChannelRead(AbstractChannelHandlerContext.java:444) ~[netty-transport-4.1.107.Final.jar:4.1.107.Final]
	at io.netty.channel.AbstractChannelHandlerContext.invokeChannelRead(AbstractChannelHandlerContext.java:420) ~[netty-transport-4.1.107.Final.jar:4.1.107.Final]
	at io.netty.channel.AbstractChannelHandlerContext.fireChannelRead(AbstractChannelHandlerContext.java:412) ~[netty-transport-4.1.107.Final.jar:4.1.107.Final]
	at io.netty.channel.DefaultChannelPipeline$HeadContext.channelRead(DefaultChannelPipeline.java:1410) ~[netty-transport-4.1.107.Final.jar:4.1.107.Final]
	at io.netty.channel.AbstractChannelHandlerContext.invokeChannelRead(AbstractChannelHandlerContext.java:440) ~[netty-transport-4.1.107.Final.jar:4.1.107.Final]
	at io.netty.channel.AbstractChannelHandlerContext.invokeChannelRead(AbstractChannelHandlerContext.java:420) ~[netty-transport-4.1.107.Final.jar:4.1.107.Final]
	at io.netty.channel.DefaultChannelPipeline.fireChannelRead(DefaultChannelPipeline.java:919) ~[netty-transport-4.1.107.Final.jar:4.1.107.Final]
	at io.netty.channel.nio.AbstractNioMessageChannel$NioMessageUnsafe.read(AbstractNioMessageChannel.java:97) ~[netty-transport-4.1.107.Final.jar:4.1.107.Final]
	at io.netty.channel.nio.NioEventLoop.processSelectedKey(NioEventLoop.java:788) ~[netty-transport-4.1.107.Final.jar:4.1.107.Final]
	at io.netty.channel.nio.NioEventLoop.processSelectedKeysOptimized(NioEventLoop.java:724) ~[netty-transport-4.1.107.Final.jar:4.1.107.Final]
	at io.netty.channel.nio.NioEventLoop.processSelectedKeys(NioEventLoop.java:650) ~[netty-transport-4.1.107.Final.jar:4.1.107.Final]
	at io.netty.channel.nio.NioEventLoop.run(NioEventLoop.java:562) ~[netty-transport-4.1.107.Final.jar:4.1.107.Final]
	at io.netty.util.concurrent.SingleThreadEventExecutor$4.run(SingleThreadEventExecutor.java:997) ~[netty-common-4.1.107.Final.jar:4.1.107.Final]
	at io.netty.util.internal.ThreadExecutorMap$2.run(ThreadExecutorMap.java:74) ~[netty-common-4.1.107.Final.jar:4.1.107.Final]
	at io.netty.util.concurrent.FastThreadLocalRunnable.run(FastThreadLocalRunnable.java:30) ~[netty-common-4.1.107.Final.jar:4.1.107.Final]
	at java.base/java.lang.Thread.run(Thread.java:840) ~[?:?]
2024-04-18 13:49:40 [main] INFO  it.progresslab.db.ArangoDBConnector - ArangoDB connector initialized on host progress.localhost and port 8529
2024-04-18 13:49:40 [main] INFO  it.progresslab.db.ArangoDBConnector - ArangoDB connector initialized on host progress.localhost and port 8529
2024-04-18 13:49:49 [main] ERROR it.progresslab.db.ArangoDBConnector - Exception retrieving document on DB PROGRESS_PROD collection User key 2863813: Cannot contact any host!
com.arangodb.ArangoDBException: Cannot contact any host!
	at com.arangodb.ArangoDBException.of(ArangoDBException.java:137) ~[core-7.6.0.jar:7.6.0]
	at com.arangodb.ArangoDBException.of(ArangoDBException.java:111) ~[core-7.6.0.jar:7.6.0]
	at com.arangodb.ArangoDBException.of(ArangoDBException.java:107) ~[core-7.6.0.jar:7.6.0]
	at com.arangodb.internal.net.CommunicationProtocol.execute(CommunicationProtocol.java:45) ~[core-7.6.0.jar:7.6.0]
	at com.arangodb.internal.ArangoExecutorSync.execute(ArangoExecutorSync.java:55) ~[core-7.6.0.jar:7.6.0]
	at com.arangodb.internal.ArangoExecutorSync.execute(ArangoExecutorSync.java:47) ~[core-7.6.0.jar:7.6.0]
	at com.arangodb.internal.ArangoCollectionImpl.getDocument(ArangoCollectionImpl.java:137) ~[core-7.6.0.jar:7.6.0]
	at com.arangodb.internal.ArangoCollectionImpl.getDocument(ArangoCollectionImpl.java:131) ~[core-7.6.0.jar:7.6.0]
	at it.progresslab.db.ArangoDBConnector.getDocumentAsJson(ArangoDBConnector.java:75) [classes/:?]
	at it.progresslab.App.main(App.java:14) [classes/:?]
Caused by: com.arangodb.ArangoDBMultipleException
	at com.arangodb.internal.net.FallbackHostHandler.checkNext(FallbackHostHandler.java:62) ~[core-7.6.0.jar:7.6.0]
	at com.arangodb.internal.net.DirtyReadHostHandler.checkNext(DirtyReadHostHandler.java:58) ~[core-7.6.0.jar:7.6.0]
	at com.arangodb.internal.net.Communication.handleException(Communication.java:126) ~[core-7.6.0.jar:7.6.0]
	at com.arangodb.internal.net.Communication.lambda$doExecuteAsync$0(Communication.java:84) ~[core-7.6.0.jar:7.6.0]
	at java.base/java.util.concurrent.CompletableFuture.uniWhenComplete(CompletableFuture.java:863) ~[?:?]
	at java.base/java.util.concurrent.CompletableFuture$UniWhenComplete.tryFire(CompletableFuture.java:841) ~[?:?]
	at java.base/java.util.concurrent.CompletableFuture.postComplete(CompletableFuture.java:510) ~[?:?]
	at java.base/java.util.concurrent.CompletableFuture.completeExceptionally(CompletableFuture.java:2162) ~[?:?]
	at io.vertx.core.impl.future.FutureImpl$2.onFailure(FutureImpl.java:117) ~[vertx-core-4.5.5.jar:4.5.5]
	at io.vertx.core.impl.future.FutureImpl$ListenerArray.onFailure(FutureImpl.java:316) ~[vertx-core-4.5.5.jar:4.5.5]
	at io.vertx.core.impl.future.FutureBase.emitFailure(FutureBase.java:81) ~[vertx-core-4.5.5.jar:4.5.5]
	at io.vertx.core.impl.future.FutureImpl.tryFail(FutureImpl.java:278) ~[vertx-core-4.5.5.jar:4.5.5]
	at io.vertx.core.impl.future.Mapping.onFailure(Mapping.java:45) ~[vertx-core-4.5.5.jar:4.5.5]
	at io.vertx.core.impl.future.FutureBase.emitFailure(FutureBase.java:81) ~[vertx-core-4.5.5.jar:4.5.5]
	at io.vertx.core.impl.future.FutureImpl.tryFail(FutureImpl.java:278) ~[vertx-core-4.5.5.jar:4.5.5]
	at io.vertx.core.impl.future.PromiseImpl.onFailure(PromiseImpl.java:54) ~[vertx-core-4.5.5.jar:4.5.5]
	at io.vertx.core.impl.future.PromiseImpl.handle(PromiseImpl.java:43) ~[vertx-core-4.5.5.jar:4.5.5]
	at io.vertx.core.impl.future.PromiseImpl.handle(PromiseImpl.java:23) ~[vertx-core-4.5.5.jar:4.5.5]
	at io.vertx.ext.web.client.impl.HttpContext.handleFailure(HttpContext.java:393) ~[vertx-web-client-4.5.5.jar:4.5.5]
	at io.vertx.ext.web.client.impl.HttpContext.execute(HttpContext.java:387) ~[vertx-web-client-4.5.5.jar:4.5.5]
	at io.vertx.ext.web.client.impl.HttpContext.next(HttpContext.java:362) ~[vertx-web-client-4.5.5.jar:4.5.5]
	at io.vertx.ext.web.client.impl.HttpContext.fire(HttpContext.java:329) ~[vertx-web-client-4.5.5.jar:4.5.5]
	at io.vertx.ext.web.client.impl.HttpContext.fail(HttpContext.java:310) ~[vertx-web-client-4.5.5.jar:4.5.5]
	at io.vertx.ext.web.client.impl.HttpContext.lambda$handleCreateRequest$6(HttpContext.java:493) ~[vertx-web-client-4.5.5.jar:4.5.5]
	at io.vertx.core.impl.future.FutureImpl$4.onFailure(FutureImpl.java:188) ~[vertx-core-4.5.5.jar:4.5.5]
	at io.vertx.core.impl.future.FutureBase.emitFailure(FutureBase.java:81) ~[vertx-core-4.5.5.jar:4.5.5]
	at io.vertx.core.impl.future.FutureImpl.tryFail(FutureImpl.java:278) ~[vertx-core-4.5.5.jar:4.5.5]
	at io.vertx.core.http.impl.HttpClientImpl.lambda$doRequest$4(HttpClientImpl.java:398) ~[vertx-core-4.5.5.jar:4.5.5]
	at io.vertx.core.net.impl.pool.Endpoint.lambda$getConnection$0(Endpoint.java:52) ~[vertx-core-4.5.5.jar:4.5.5]
	at io.vertx.core.http.impl.SharedClientHttpStreamEndpoint$Request.handle(SharedClientHttpStreamEndpoint.java:162) ~[vertx-core-4.5.5.jar:4.5.5]
	at io.vertx.core.http.impl.SharedClientHttpStreamEndpoint$Request.handle(SharedClientHttpStreamEndpoint.java:123) ~[vertx-core-4.5.5.jar:4.5.5]
	at io.vertx.core.impl.ContextImpl.emit(ContextImpl.java:328) ~[vertx-core-4.5.5.jar:4.5.5]
	at io.vertx.core.impl.ContextImpl.emit(ContextImpl.java:321) ~[vertx-core-4.5.5.jar:4.5.5]
	at io.vertx.core.net.impl.pool.SimpleConnectionPool$ConnectFailed$1.run(SimpleConnectionPool.java:380) ~[vertx-core-4.5.5.jar:4.5.5]
	at io.vertx.core.net.impl.pool.Task.runNextTasks(Task.java:43) ~[vertx-core-4.5.5.jar:4.5.5]
	at io.vertx.core.net.impl.pool.CombinerExecutor.submit(CombinerExecutor.java:91) ~[vertx-core-4.5.5.jar:4.5.5]
	at io.vertx.core.net.impl.pool.SimpleConnectionPool.execute(SimpleConnectionPool.java:244) ~[vertx-core-4.5.5.jar:4.5.5]
	at io.vertx.core.net.impl.pool.SimpleConnectionPool.lambda$connect$2(SimpleConnectionPool.java:258) ~[vertx-core-4.5.5.jar:4.5.5]
	at io.vertx.core.http.impl.SharedClientHttpStreamEndpoint.lambda$connect$2(SharedClientHttpStreamEndpoint.java:104) ~[vertx-core-4.5.5.jar:4.5.5]
	at io.vertx.core.impl.future.FutureImpl$4.onFailure(FutureImpl.java:188) ~[vertx-core-4.5.5.jar:4.5.5]
	at io.vertx.core.impl.future.FutureBase.emitFailure(FutureBase.java:81) ~[vertx-core-4.5.5.jar:4.5.5]
	at io.vertx.core.impl.future.FutureImpl.tryFail(FutureImpl.java:278) ~[vertx-core-4.5.5.jar:4.5.5]
	at io.vertx.core.impl.future.Composition$1.onFailure(Composition.java:66) ~[vertx-core-4.5.5.jar:4.5.5]
	at io.vertx.core.impl.future.FutureBase.emitFailure(FutureBase.java:81) ~[vertx-core-4.5.5.jar:4.5.5]
	at io.vertx.core.impl.future.FailedFuture.addListener(FailedFuture.java:98) ~[vertx-core-4.5.5.jar:4.5.5]
	at io.vertx.core.impl.future.Composition.onFailure(Composition.java:55) ~[vertx-core-4.5.5.jar:4.5.5]
	at io.vertx.core.impl.future.FutureBase.emitFailure(FutureBase.java:81) ~[vertx-core-4.5.5.jar:4.5.5]
	at io.vertx.core.impl.future.FutureImpl.tryFail(FutureImpl.java:278) ~[vertx-core-4.5.5.jar:4.5.5]
	at io.vertx.core.impl.ContextImpl.emit(ContextImpl.java:328) ~[vertx-core-4.5.5.jar:4.5.5]
	at io.vertx.core.impl.ContextImpl.emit(ContextImpl.java:321) ~[vertx-core-4.5.5.jar:4.5.5]
	at io.vertx.core.net.impl.NetClientImpl.failed(NetClientImpl.java:352) ~[vertx-core-4.5.5.jar:4.5.5]
	at io.vertx.core.net.impl.NetClientImpl.lambda$connectInternal2$6(NetClientImpl.java:324) ~[vertx-core-4.5.5.jar:4.5.5]
	at io.netty.util.concurrent.DefaultPromise.notifyListener0(DefaultPromise.java:590) ~[netty-common-4.1.107.Final.jar:4.1.107.Final]
	at io.netty.util.concurrent.DefaultPromise.notifyListenersNow(DefaultPromise.java:557) ~[netty-common-4.1.107.Final.jar:4.1.107.Final]
	at io.netty.util.concurrent.DefaultPromise.notifyListeners(DefaultPromise.java:492) ~[netty-common-4.1.107.Final.jar:4.1.107.Final]
	at io.netty.util.concurrent.DefaultPromise.setValue0(DefaultPromise.java:636) ~[netty-common-4.1.107.Final.jar:4.1.107.Final]
	at io.netty.util.concurrent.DefaultPromise.setFailure0(DefaultPromise.java:629) ~[netty-common-4.1.107.Final.jar:4.1.107.Final]
	at io.netty.util.concurrent.DefaultPromise.setFailure(DefaultPromise.java:110) ~[netty-common-4.1.107.Final.jar:4.1.107.Final]
	at io.vertx.core.net.impl.ChannelProvider.lambda$handleConnect$0(ChannelProvider.java:157) ~[vertx-core-4.5.5.jar:4.5.5]
	at io.netty.util.concurrent.DefaultPromise.notifyListener0(DefaultPromise.java:590) ~[netty-common-4.1.107.Final.jar:4.1.107.Final]
	at io.netty.util.concurrent.DefaultPromise.notifyListenersNow(DefaultPromise.java:557) ~[netty-common-4.1.107.Final.jar:4.1.107.Final]
	at io.netty.util.concurrent.DefaultPromise.notifyListeners(DefaultPromise.java:492) ~[netty-common-4.1.107.Final.jar:4.1.107.Final]
	at io.netty.util.concurrent.DefaultPromise.setValue0(DefaultPromise.java:636) ~[netty-common-4.1.107.Final.jar:4.1.107.Final]
	at io.netty.util.concurrent.DefaultPromise.setFailure0(DefaultPromise.java:629) ~[netty-common-4.1.107.Final.jar:4.1.107.Final]
	at io.netty.util.concurrent.DefaultPromise.setFailure(DefaultPromise.java:110) ~[netty-common-4.1.107.Final.jar:4.1.107.Final]
	at io.netty.channel.DefaultChannelPromise.setFailure(DefaultChannelPromise.java:89) ~[netty-transport-4.1.107.Final.jar:4.1.107.Final]
	at io.netty.bootstrap.Bootstrap$2.operationComplete(Bootstrap.java:242) ~[netty-transport-4.1.107.Final.jar:4.1.107.Final]
	at io.netty.util.concurrent.DefaultPromise.notifyListener0(DefaultPromise.java:590) ~[netty-common-4.1.107.Final.jar:4.1.107.Final]
	at io.netty.util.concurrent.DefaultPromise.notifyListenersNow(DefaultPromise.java:557) ~[netty-common-4.1.107.Final.jar:4.1.107.Final]
	at io.netty.util.concurrent.DefaultPromise.notifyListeners(DefaultPromise.java:492) ~[netty-common-4.1.107.Final.jar:4.1.107.Final]
	at io.netty.util.concurrent.DefaultPromise.setValue0(DefaultPromise.java:636) ~[netty-common-4.1.107.Final.jar:4.1.107.Final]
	at io.netty.util.concurrent.DefaultPromise.setFailure0(DefaultPromise.java:629) ~[netty-common-4.1.107.Final.jar:4.1.107.Final]
	at io.netty.util.concurrent.DefaultPromise.setFailure(DefaultPromise.java:110) ~[netty-common-4.1.107.Final.jar:4.1.107.Final]
	at io.netty.resolver.InetSocketAddressResolver$1.operationComplete(InetSocketAddressResolver.java:62) ~[netty-resolver-4.1.107.Final.jar:4.1.107.Final]
	at io.netty.util.concurrent.DefaultPromise.notifyListener0(DefaultPromise.java:590) ~[netty-common-4.1.107.Final.jar:4.1.107.Final]
	at io.netty.util.concurrent.DefaultPromise.notifyListeners0(DefaultPromise.java:583) ~[netty-common-4.1.107.Final.jar:4.1.107.Final]
	at io.netty.util.concurrent.DefaultPromise.notifyListenersNow(DefaultPromise.java:559) ~[netty-common-4.1.107.Final.jar:4.1.107.Final]
	at io.netty.util.concurrent.DefaultPromise.notifyListeners(DefaultPromise.java:492) ~[netty-common-4.1.107.Final.jar:4.1.107.Final]
	at io.netty.util.concurrent.DefaultPromise.setValue0(DefaultPromise.java:636) ~[netty-common-4.1.107.Final.jar:4.1.107.Final]
	at io.netty.util.concurrent.DefaultPromise.setFailure0(DefaultPromise.java:629) ~[netty-common-4.1.107.Final.jar:4.1.107.Final]
	at io.netty.util.concurrent.DefaultPromise.tryFailure(DefaultPromise.java:118) ~[netty-common-4.1.107.Final.jar:4.1.107.Final]
	at io.netty.resolver.dns.DnsNameResolver.tryFailure(DnsNameResolver.java:1037) ~[netty-resolver-dns-4.1.107.Final.jar:4.1.107.Final]
	at io.netty.resolver.dns.DnsNameResolver.access$500(DnsNameResolver.java:95) ~[netty-resolver-dns-4.1.107.Final.jar:4.1.107.Final]
	at io.netty.resolver.dns.DnsNameResolver$7.operationComplete(DnsNameResolver.java:1057) ~[netty-resolver-dns-4.1.107.Final.jar:4.1.107.Final]
	at io.netty.util.concurrent.DefaultPromise.notifyListener0(DefaultPromise.java:590) ~[netty-common-4.1.107.Final.jar:4.1.107.Final]
	at io.netty.util.concurrent.DefaultPromise.notifyListenersNow(DefaultPromise.java:557) ~[netty-common-4.1.107.Final.jar:4.1.107.Final]
	at io.netty.util.concurrent.DefaultPromise.notifyListeners(DefaultPromise.java:492) ~[netty-common-4.1.107.Final.jar:4.1.107.Final]
	at io.netty.util.concurrent.DefaultPromise.setValue0(DefaultPromise.java:636) ~[netty-common-4.1.107.Final.jar:4.1.107.Final]
	at io.netty.util.concurrent.DefaultPromise.setFailure0(DefaultPromise.java:629) ~[netty-common-4.1.107.Final.jar:4.1.107.Final]
	at io.netty.util.concurrent.DefaultPromise.tryFailure(DefaultPromise.java:118) ~[netty-common-4.1.107.Final.jar:4.1.107.Final]
	at io.netty.resolver.dns.DnsResolveContext.finishResolve(DnsResolveContext.java:1133) ~[netty-resolver-dns-4.1.107.Final.jar:4.1.107.Final]
	at io.netty.resolver.dns.DnsResolveContext.tryToFinishResolve(DnsResolveContext.java:1072) ~[netty-resolver-dns-4.1.107.Final.jar:4.1.107.Final]
	at io.netty.resolver.dns.DnsResolveContext.query(DnsResolveContext.java:444) ~[netty-resolver-dns-4.1.107.Final.jar:4.1.107.Final]
	at io.netty.resolver.dns.DnsResolveContext.onResponse(DnsResolveContext.java:675) ~[netty-resolver-dns-4.1.107.Final.jar:4.1.107.Final]
	at io.netty.resolver.dns.DnsResolveContext.access$500(DnsResolveContext.java:68) ~[netty-resolver-dns-4.1.107.Final.jar:4.1.107.Final]
	at io.netty.resolver.dns.DnsResolveContext$2.operationComplete(DnsResolveContext.java:502) ~[netty-resolver-dns-4.1.107.Final.jar:4.1.107.Final]
	at io.netty.util.concurrent.DefaultPromise.notifyListener0(DefaultPromise.java:590) ~[netty-common-4.1.107.Final.jar:4.1.107.Final]
	at io.netty.util.concurrent.DefaultPromise.notifyListeners0(DefaultPromise.java:583) ~[netty-common-4.1.107.Final.jar:4.1.107.Final]
	at io.netty.util.concurrent.DefaultPromise.notifyListenersNow(DefaultPromise.java:559) ~[netty-common-4.1.107.Final.jar:4.1.107.Final]
	at io.netty.util.concurrent.DefaultPromise.notifyListeners(DefaultPromise.java:492) ~[netty-common-4.1.107.Final.jar:4.1.107.Final]
	at io.netty.util.concurrent.DefaultPromise.setValue0(DefaultPromise.java:636) ~[netty-common-4.1.107.Final.jar:4.1.107.Final]
	at io.netty.util.concurrent.DefaultPromise.setSuccess0(DefaultPromise.java:625) ~[netty-common-4.1.107.Final.jar:4.1.107.Final]
	at io.netty.util.concurrent.DefaultPromise.trySuccess(DefaultPromise.java:105) ~[netty-common-4.1.107.Final.jar:4.1.107.Final]
	at io.netty.resolver.dns.DnsQueryContext.trySuccess(DnsQueryContext.java:345) ~[netty-resolver-dns-4.1.107.Final.jar:4.1.107.Final]
	at io.netty.resolver.dns.DnsQueryContext.finishSuccess(DnsQueryContext.java:336) ~[netty-resolver-dns-4.1.107.Final.jar:4.1.107.Final]
	at io.netty.resolver.dns.DnsNameResolver$DnsResponseHandler.channelRead(DnsNameResolver.java:1382) ~[netty-resolver-dns-4.1.107.Final.jar:4.1.107.Final]
	at io.netty.channel.AbstractChannelHandlerContext.invokeChannelRead(AbstractChannelHandlerContext.java:444) ~[netty-transport-4.1.107.Final.jar:4.1.107.Final]
	at io.netty.channel.AbstractChannelHandlerContext.invokeChannelRead(AbstractChannelHandlerContext.java:420) ~[netty-transport-4.1.107.Final.jar:4.1.107.Final]
	at io.netty.channel.AbstractChannelHandlerContext.fireChannelRead(AbstractChannelHandlerContext.java:412) ~[netty-transport-4.1.107.Final.jar:4.1.107.Final]
	at io.netty.handler.codec.MessageToMessageDecoder.channelRead(MessageToMessageDecoder.java:103) ~[netty-codec-4.1.107.Final.jar:4.1.107.Final]
	at io.netty.channel.AbstractChannelHandlerContext.invokeChannelRead(AbstractChannelHandlerContext.java:444) ~[netty-transport-4.1.107.Final.jar:4.1.107.Final]
	at io.netty.channel.AbstractChannelHandlerContext.invokeChannelRead(AbstractChannelHandlerContext.java:420) ~[netty-transport-4.1.107.Final.jar:4.1.107.Final]
	at io.netty.channel.AbstractChannelHandlerContext.fireChannelRead(AbstractChannelHandlerContext.java:412) ~[netty-transport-4.1.107.Final.jar:4.1.107.Final]
	at io.netty.channel.DefaultChannelPipeline$HeadContext.channelRead(DefaultChannelPipeline.java:1410) ~[netty-transport-4.1.107.Final.jar:4.1.107.Final]
	at io.netty.channel.AbstractChannelHandlerContext.invokeChannelRead(AbstractChannelHandlerContext.java:440) ~[netty-transport-4.1.107.Final.jar:4.1.107.Final]
	at io.netty.channel.AbstractChannelHandlerContext.invokeChannelRead(AbstractChannelHandlerContext.java:420) ~[netty-transport-4.1.107.Final.jar:4.1.107.Final]
	at io.netty.channel.DefaultChannelPipeline.fireChannelRead(DefaultChannelPipeline.java:919) ~[netty-transport-4.1.107.Final.jar:4.1.107.Final]
	at io.netty.channel.nio.AbstractNioMessageChannel$NioMessageUnsafe.read(AbstractNioMessageChannel.java:97) ~[netty-transport-4.1.107.Final.jar:4.1.107.Final]
	at io.netty.channel.nio.NioEventLoop.processSelectedKey(NioEventLoop.java:788) ~[netty-transport-4.1.107.Final.jar:4.1.107.Final]
	at io.netty.channel.nio.NioEventLoop.processSelectedKeysOptimized(NioEventLoop.java:724) ~[netty-transport-4.1.107.Final.jar:4.1.107.Final]
	at io.netty.channel.nio.NioEventLoop.processSelectedKeys(NioEventLoop.java:650) ~[netty-transport-4.1.107.Final.jar:4.1.107.Final]
	at io.netty.channel.nio.NioEventLoop.run(NioEventLoop.java:562) ~[netty-transport-4.1.107.Final.jar:4.1.107.Final]
	at io.netty.util.concurrent.SingleThreadEventExecutor$4.run(SingleThreadEventExecutor.java:997) ~[netty-common-4.1.107.Final.jar:4.1.107.Final]
	at io.netty.util.internal.ThreadExecutorMap$2.run(ThreadExecutorMap.java:74) ~[netty-common-4.1.107.Final.jar:4.1.107.Final]
	at io.netty.util.concurrent.FastThreadLocalRunnable.run(FastThreadLocalRunnable.java:30) ~[netty-common-4.1.107.Final.jar:4.1.107.Final]
	at java.base/java.lang.Thread.run(Thread.java:840) ~[?:?]
2024-04-18 13:49:49 [main] ERROR it.progresslab.db.ArangoDBConnector - Exception retrieving document on DB PROGRESS_PROD collection User key 2863813: Cannot contact any host!
com.arangodb.ArangoDBException: Cannot contact any host!
	at com.arangodb.ArangoDBException.of(ArangoDBException.java:137) ~[core-7.6.0.jar:7.6.0]
	at com.arangodb.ArangoDBException.of(ArangoDBException.java:111) ~[core-7.6.0.jar:7.6.0]
	at com.arangodb.ArangoDBException.of(ArangoDBException.java:107) ~[core-7.6.0.jar:7.6.0]
	at com.arangodb.internal.net.CommunicationProtocol.execute(CommunicationProtocol.java:45) ~[core-7.6.0.jar:7.6.0]
	at com.arangodb.internal.ArangoExecutorSync.execute(ArangoExecutorSync.java:55) ~[core-7.6.0.jar:7.6.0]
	at com.arangodb.internal.ArangoExecutorSync.execute(ArangoExecutorSync.java:47) ~[core-7.6.0.jar:7.6.0]
	at com.arangodb.internal.ArangoCollectionImpl.getDocument(ArangoCollectionImpl.java:137) ~[core-7.6.0.jar:7.6.0]
	at com.arangodb.internal.ArangoCollectionImpl.getDocument(ArangoCollectionImpl.java:131) ~[core-7.6.0.jar:7.6.0]
	at it.progresslab.db.ArangoDBConnector.getDocumentAsJson(ArangoDBConnector.java:75) [classes/:?]
	at it.progresslab.App.main(App.java:14) [classes/:?]
Caused by: com.arangodb.ArangoDBMultipleException
	at com.arangodb.internal.net.FallbackHostHandler.checkNext(FallbackHostHandler.java:62) ~[core-7.6.0.jar:7.6.0]
	at com.arangodb.internal.net.DirtyReadHostHandler.checkNext(DirtyReadHostHandler.java:58) ~[core-7.6.0.jar:7.6.0]
	at com.arangodb.internal.net.Communication.handleException(Communication.java:126) ~[core-7.6.0.jar:7.6.0]
	at com.arangodb.internal.net.Communication.lambda$doExecuteAsync$0(Communication.java:84) ~[core-7.6.0.jar:7.6.0]
	at java.base/java.util.concurrent.CompletableFuture.uniWhenComplete(CompletableFuture.java:863) ~[?:?]
	at java.base/java.util.concurrent.CompletableFuture$UniWhenComplete.tryFire(CompletableFuture.java:841) ~[?:?]
	at java.base/java.util.concurrent.CompletableFuture.postComplete(CompletableFuture.java:510) ~[?:?]
	at java.base/java.util.concurrent.CompletableFuture.completeExceptionally(CompletableFuture.java:2162) ~[?:?]
	at io.vertx.core.impl.future.FutureImpl$2.onFailure(FutureImpl.java:117) ~[vertx-core-4.5.5.jar:4.5.5]
	at io.vertx.core.impl.future.FutureImpl$ListenerArray.onFailure(FutureImpl.java:316) ~[vertx-core-4.5.5.jar:4.5.5]
	at io.vertx.core.impl.future.FutureBase.emitFailure(FutureBase.java:81) ~[vertx-core-4.5.5.jar:4.5.5]
	at io.vertx.core.impl.future.FutureImpl.tryFail(FutureImpl.java:278) ~[vertx-core-4.5.5.jar:4.5.5]
	at io.vertx.core.impl.future.Mapping.onFailure(Mapping.java:45) ~[vertx-core-4.5.5.jar:4.5.5]
	at io.vertx.core.impl.future.FutureBase.emitFailure(FutureBase.java:81) ~[vertx-core-4.5.5.jar:4.5.5]
	at io.vertx.core.impl.future.FutureImpl.tryFail(FutureImpl.java:278) ~[vertx-core-4.5.5.jar:4.5.5]
	at io.vertx.core.impl.future.PromiseImpl.onFailure(PromiseImpl.java:54) ~[vertx-core-4.5.5.jar:4.5.5]
	at io.vertx.core.impl.future.PromiseImpl.handle(PromiseImpl.java:43) ~[vertx-core-4.5.5.jar:4.5.5]
	at io.vertx.core.impl.future.PromiseImpl.handle(PromiseImpl.java:23) ~[vertx-core-4.5.5.jar:4.5.5]
	at io.vertx.ext.web.client.impl.HttpContext.handleFailure(HttpContext.java:393) ~[vertx-web-client-4.5.5.jar:4.5.5]
	at io.vertx.ext.web.client.impl.HttpContext.execute(HttpContext.java:387) ~[vertx-web-client-4.5.5.jar:4.5.5]
	at io.vertx.ext.web.client.impl.HttpContext.next(HttpContext.java:362) ~[vertx-web-client-4.5.5.jar:4.5.5]
	at io.vertx.ext.web.client.impl.HttpContext.fire(HttpContext.java:329) ~[vertx-web-client-4.5.5.jar:4.5.5]
	at io.vertx.ext.web.client.impl.HttpContext.fail(HttpContext.java:310) ~[vertx-web-client-4.5.5.jar:4.5.5]
	at io.vertx.ext.web.client.impl.HttpContext.lambda$handleCreateRequest$6(HttpContext.java:493) ~[vertx-web-client-4.5.5.jar:4.5.5]
	at io.vertx.core.impl.future.FutureImpl$4.onFailure(FutureImpl.java:188) ~[vertx-core-4.5.5.jar:4.5.5]
	at io.vertx.core.impl.future.FutureBase.emitFailure(FutureBase.java:81) ~[vertx-core-4.5.5.jar:4.5.5]
	at io.vertx.core.impl.future.FutureImpl.tryFail(FutureImpl.java:278) ~[vertx-core-4.5.5.jar:4.5.5]
	at io.vertx.core.http.impl.HttpClientImpl.lambda$doRequest$4(HttpClientImpl.java:398) ~[vertx-core-4.5.5.jar:4.5.5]
	at io.vertx.core.net.impl.pool.Endpoint.lambda$getConnection$0(Endpoint.java:52) ~[vertx-core-4.5.5.jar:4.5.5]
	at io.vertx.core.http.impl.SharedClientHttpStreamEndpoint$Request.handle(SharedClientHttpStreamEndpoint.java:162) ~[vertx-core-4.5.5.jar:4.5.5]
	at io.vertx.core.http.impl.SharedClientHttpStreamEndpoint$Request.handle(SharedClientHttpStreamEndpoint.java:123) ~[vertx-core-4.5.5.jar:4.5.5]
	at io.vertx.core.impl.ContextImpl.emit(ContextImpl.java:328) ~[vertx-core-4.5.5.jar:4.5.5]
	at io.vertx.core.impl.ContextImpl.emit(ContextImpl.java:321) ~[vertx-core-4.5.5.jar:4.5.5]
	at io.vertx.core.net.impl.pool.SimpleConnectionPool$ConnectFailed$1.run(SimpleConnectionPool.java:380) ~[vertx-core-4.5.5.jar:4.5.5]
	at io.vertx.core.net.impl.pool.Task.runNextTasks(Task.java:43) ~[vertx-core-4.5.5.jar:4.5.5]
	at io.vertx.core.net.impl.pool.CombinerExecutor.submit(CombinerExecutor.java:91) ~[vertx-core-4.5.5.jar:4.5.5]
	at io.vertx.core.net.impl.pool.SimpleConnectionPool.execute(SimpleConnectionPool.java:244) ~[vertx-core-4.5.5.jar:4.5.5]
	at io.vertx.core.net.impl.pool.SimpleConnectionPool.lambda$connect$2(SimpleConnectionPool.java:258) ~[vertx-core-4.5.5.jar:4.5.5]
	at io.vertx.core.http.impl.SharedClientHttpStreamEndpoint.lambda$connect$2(SharedClientHttpStreamEndpoint.java:104) ~[vertx-core-4.5.5.jar:4.5.5]
	at io.vertx.core.impl.future.FutureImpl$4.onFailure(FutureImpl.java:188) ~[vertx-core-4.5.5.jar:4.5.5]
	at io.vertx.core.impl.future.FutureBase.emitFailure(FutureBase.java:81) ~[vertx-core-4.5.5.jar:4.5.5]
	at io.vertx.core.impl.future.FutureImpl.tryFail(FutureImpl.java:278) ~[vertx-core-4.5.5.jar:4.5.5]
	at io.vertx.core.impl.future.Composition$1.onFailure(Composition.java:66) ~[vertx-core-4.5.5.jar:4.5.5]
	at io.vertx.core.impl.future.FutureBase.emitFailure(FutureBase.java:81) ~[vertx-core-4.5.5.jar:4.5.5]
	at io.vertx.core.impl.future.FailedFuture.addListener(FailedFuture.java:98) ~[vertx-core-4.5.5.jar:4.5.5]
	at io.vertx.core.impl.future.Composition.onFailure(Composition.java:55) ~[vertx-core-4.5.5.jar:4.5.5]
	at io.vertx.core.impl.future.FutureBase.emitFailure(FutureBase.java:81) ~[vertx-core-4.5.5.jar:4.5.5]
	at io.vertx.core.impl.future.FutureImpl.tryFail(FutureImpl.java:278) ~[vertx-core-4.5.5.jar:4.5.5]
	at io.vertx.core.impl.ContextImpl.emit(ContextImpl.java:328) ~[vertx-core-4.5.5.jar:4.5.5]
	at io.vertx.core.impl.ContextImpl.emit(ContextImpl.java:321) ~[vertx-core-4.5.5.jar:4.5.5]
	at io.vertx.core.net.impl.NetClientImpl.failed(NetClientImpl.java:352) ~[vertx-core-4.5.5.jar:4.5.5]
	at io.vertx.core.net.impl.NetClientImpl.lambda$connectInternal2$6(NetClientImpl.java:324) ~[vertx-core-4.5.5.jar:4.5.5]
	at io.netty.util.concurrent.DefaultPromise.notifyListener0(DefaultPromise.java:590) ~[netty-common-4.1.107.Final.jar:4.1.107.Final]
	at io.netty.util.concurrent.DefaultPromise.notifyListenersNow(DefaultPromise.java:557) ~[netty-common-4.1.107.Final.jar:4.1.107.Final]
	at io.netty.util.concurrent.DefaultPromise.notifyListeners(DefaultPromise.java:492) ~[netty-common-4.1.107.Final.jar:4.1.107.Final]
	at io.netty.util.concurrent.DefaultPromise.setValue0(DefaultPromise.java:636) ~[netty-common-4.1.107.Final.jar:4.1.107.Final]
	at io.netty.util.concurrent.DefaultPromise.setFailure0(DefaultPromise.java:629) ~[netty-common-4.1.107.Final.jar:4.1.107.Final]
	at io.netty.util.concurrent.DefaultPromise.setFailure(DefaultPromise.java:110) ~[netty-common-4.1.107.Final.jar:4.1.107.Final]
	at io.vertx.core.net.impl.ChannelProvider.lambda$handleConnect$0(ChannelProvider.java:157) ~[vertx-core-4.5.5.jar:4.5.5]
	at io.netty.util.concurrent.DefaultPromise.notifyListener0(DefaultPromise.java:590) ~[netty-common-4.1.107.Final.jar:4.1.107.Final]
	at io.netty.util.concurrent.DefaultPromise.notifyListenersNow(DefaultPromise.java:557) ~[netty-common-4.1.107.Final.jar:4.1.107.Final]
	at io.netty.util.concurrent.DefaultPromise.notifyListeners(DefaultPromise.java:492) ~[netty-common-4.1.107.Final.jar:4.1.107.Final]
	at io.netty.util.concurrent.DefaultPromise.setValue0(DefaultPromise.java:636) ~[netty-common-4.1.107.Final.jar:4.1.107.Final]
	at io.netty.util.concurrent.DefaultPromise.setFailure0(DefaultPromise.java:629) ~[netty-common-4.1.107.Final.jar:4.1.107.Final]
	at io.netty.util.concurrent.DefaultPromise.setFailure(DefaultPromise.java:110) ~[netty-common-4.1.107.Final.jar:4.1.107.Final]
	at io.netty.channel.DefaultChannelPromise.setFailure(DefaultChannelPromise.java:89) ~[netty-transport-4.1.107.Final.jar:4.1.107.Final]
	at io.netty.bootstrap.Bootstrap$2.operationComplete(Bootstrap.java:242) ~[netty-transport-4.1.107.Final.jar:4.1.107.Final]
	at io.netty.util.concurrent.DefaultPromise.notifyListener0(DefaultPromise.java:590) ~[netty-common-4.1.107.Final.jar:4.1.107.Final]
	at io.netty.util.concurrent.DefaultPromise.notifyListenersNow(DefaultPromise.java:557) ~[netty-common-4.1.107.Final.jar:4.1.107.Final]
	at io.netty.util.concurrent.DefaultPromise.notifyListeners(DefaultPromise.java:492) ~[netty-common-4.1.107.Final.jar:4.1.107.Final]
	at io.netty.util.concurrent.DefaultPromise.setValue0(DefaultPromise.java:636) ~[netty-common-4.1.107.Final.jar:4.1.107.Final]
	at io.netty.util.concurrent.DefaultPromise.setFailure0(DefaultPromise.java:629) ~[netty-common-4.1.107.Final.jar:4.1.107.Final]
	at io.netty.util.concurrent.DefaultPromise.setFailure(DefaultPromise.java:110) ~[netty-common-4.1.107.Final.jar:4.1.107.Final]
	at io.netty.resolver.InetSocketAddressResolver$1.operationComplete(InetSocketAddressResolver.java:62) ~[netty-resolver-4.1.107.Final.jar:4.1.107.Final]
	at io.netty.util.concurrent.DefaultPromise.notifyListener0(DefaultPromise.java:590) ~[netty-common-4.1.107.Final.jar:4.1.107.Final]
	at io.netty.util.concurrent.DefaultPromise.notifyListeners0(DefaultPromise.java:583) ~[netty-common-4.1.107.Final.jar:4.1.107.Final]
	at io.netty.util.concurrent.DefaultPromise.notifyListenersNow(DefaultPromise.java:559) ~[netty-common-4.1.107.Final.jar:4.1.107.Final]
	at io.netty.util.concurrent.DefaultPromise.notifyListeners(DefaultPromise.java:492) ~[netty-common-4.1.107.Final.jar:4.1.107.Final]
	at io.netty.util.concurrent.DefaultPromise.setValue0(DefaultPromise.java:636) ~[netty-common-4.1.107.Final.jar:4.1.107.Final]
	at io.netty.util.concurrent.DefaultPromise.setFailure0(DefaultPromise.java:629) ~[netty-common-4.1.107.Final.jar:4.1.107.Final]
	at io.netty.util.concurrent.DefaultPromise.tryFailure(DefaultPromise.java:118) ~[netty-common-4.1.107.Final.jar:4.1.107.Final]
	at io.netty.resolver.dns.DnsNameResolver.tryFailure(DnsNameResolver.java:1037) ~[netty-resolver-dns-4.1.107.Final.jar:4.1.107.Final]
	at io.netty.resolver.dns.DnsNameResolver.access$500(DnsNameResolver.java:95) ~[netty-resolver-dns-4.1.107.Final.jar:4.1.107.Final]
	at io.netty.resolver.dns.DnsNameResolver$7.operationComplete(DnsNameResolver.java:1057) ~[netty-resolver-dns-4.1.107.Final.jar:4.1.107.Final]
	at io.netty.util.concurrent.DefaultPromise.notifyListener0(DefaultPromise.java:590) ~[netty-common-4.1.107.Final.jar:4.1.107.Final]
	at io.netty.util.concurrent.DefaultPromise.notifyListenersNow(DefaultPromise.java:557) ~[netty-common-4.1.107.Final.jar:4.1.107.Final]
	at io.netty.util.concurrent.DefaultPromise.notifyListeners(DefaultPromise.java:492) ~[netty-common-4.1.107.Final.jar:4.1.107.Final]
	at io.netty.util.concurrent.DefaultPromise.setValue0(DefaultPromise.java:636) ~[netty-common-4.1.107.Final.jar:4.1.107.Final]
	at io.netty.util.concurrent.DefaultPromise.setFailure0(DefaultPromise.java:629) ~[netty-common-4.1.107.Final.jar:4.1.107.Final]
	at io.netty.util.concurrent.DefaultPromise.tryFailure(DefaultPromise.java:118) ~[netty-common-4.1.107.Final.jar:4.1.107.Final]
	at io.netty.resolver.dns.DnsResolveContext.finishResolve(DnsResolveContext.java:1133) ~[netty-resolver-dns-4.1.107.Final.jar:4.1.107.Final]
	at io.netty.resolver.dns.DnsResolveContext.tryToFinishResolve(DnsResolveContext.java:1072) ~[netty-resolver-dns-4.1.107.Final.jar:4.1.107.Final]
	at io.netty.resolver.dns.DnsResolveContext.query(DnsResolveContext.java:444) ~[netty-resolver-dns-4.1.107.Final.jar:4.1.107.Final]
	at io.netty.resolver.dns.DnsResolveContext.onResponse(DnsResolveContext.java:675) ~[netty-resolver-dns-4.1.107.Final.jar:4.1.107.Final]
	at io.netty.resolver.dns.DnsResolveContext.access$500(DnsResolveContext.java:68) ~[netty-resolver-dns-4.1.107.Final.jar:4.1.107.Final]
	at io.netty.resolver.dns.DnsResolveContext$2.operationComplete(DnsResolveContext.java:502) ~[netty-resolver-dns-4.1.107.Final.jar:4.1.107.Final]
	at io.netty.util.concurrent.DefaultPromise.notifyListener0(DefaultPromise.java:590) ~[netty-common-4.1.107.Final.jar:4.1.107.Final]
	at io.netty.util.concurrent.DefaultPromise.notifyListeners0(DefaultPromise.java:583) ~[netty-common-4.1.107.Final.jar:4.1.107.Final]
	at io.netty.util.concurrent.DefaultPromise.notifyListenersNow(DefaultPromise.java:559) ~[netty-common-4.1.107.Final.jar:4.1.107.Final]
	at io.netty.util.concurrent.DefaultPromise.notifyListeners(DefaultPromise.java:492) ~[netty-common-4.1.107.Final.jar:4.1.107.Final]
	at io.netty.util.concurrent.DefaultPromise.setValue0(DefaultPromise.java:636) ~[netty-common-4.1.107.Final.jar:4.1.107.Final]
	at io.netty.util.concurrent.DefaultPromise.setSuccess0(DefaultPromise.java:625) ~[netty-common-4.1.107.Final.jar:4.1.107.Final]
	at io.netty.util.concurrent.DefaultPromise.trySuccess(DefaultPromise.java:105) ~[netty-common-4.1.107.Final.jar:4.1.107.Final]
	at io.netty.resolver.dns.DnsQueryContext.trySuccess(DnsQueryContext.java:345) ~[netty-resolver-dns-4.1.107.Final.jar:4.1.107.Final]
	at io.netty.resolver.dns.DnsQueryContext.finishSuccess(DnsQueryContext.java:336) ~[netty-resolver-dns-4.1.107.Final.jar:4.1.107.Final]
	at io.netty.resolver.dns.DnsNameResolver$DnsResponseHandler.channelRead(DnsNameResolver.java:1382) ~[netty-resolver-dns-4.1.107.Final.jar:4.1.107.Final]
	at io.netty.channel.AbstractChannelHandlerContext.invokeChannelRead(AbstractChannelHandlerContext.java:444) ~[netty-transport-4.1.107.Final.jar:4.1.107.Final]
	at io.netty.channel.AbstractChannelHandlerContext.invokeChannelRead(AbstractChannelHandlerContext.java:420) ~[netty-transport-4.1.107.Final.jar:4.1.107.Final]
	at io.netty.channel.AbstractChannelHandlerContext.fireChannelRead(AbstractChannelHandlerContext.java:412) ~[netty-transport-4.1.107.Final.jar:4.1.107.Final]
	at io.netty.handler.codec.MessageToMessageDecoder.channelRead(MessageToMessageDecoder.java:103) ~[netty-codec-4.1.107.Final.jar:4.1.107.Final]
	at io.netty.channel.AbstractChannelHandlerContext.invokeChannelRead(AbstractChannelHandlerContext.java:444) ~[netty-transport-4.1.107.Final.jar:4.1.107.Final]
	at io.netty.channel.AbstractChannelHandlerContext.invokeChannelRead(AbstractChannelHandlerContext.java:420) ~[netty-transport-4.1.107.Final.jar:4.1.107.Final]
	at io.netty.channel.AbstractChannelHandlerContext.fireChannelRead(AbstractChannelHandlerContext.java:412) ~[netty-transport-4.1.107.Final.jar:4.1.107.Final]
	at io.netty.channel.DefaultChannelPipeline$HeadContext.channelRead(DefaultChannelPipeline.java:1410) ~[netty-transport-4.1.107.Final.jar:4.1.107.Final]
	at io.netty.channel.AbstractChannelHandlerContext.invokeChannelRead(AbstractChannelHandlerContext.java:440) ~[netty-transport-4.1.107.Final.jar:4.1.107.Final]
	at io.netty.channel.AbstractChannelHandlerContext.invokeChannelRead(AbstractChannelHandlerContext.java:420) ~[netty-transport-4.1.107.Final.jar:4.1.107.Final]
	at io.netty.channel.DefaultChannelPipeline.fireChannelRead(DefaultChannelPipeline.java:919) ~[netty-transport-4.1.107.Final.jar:4.1.107.Final]
	at io.netty.channel.nio.AbstractNioMessageChannel$NioMessageUnsafe.read(AbstractNioMessageChannel.java:97) ~[netty-transport-4.1.107.Final.jar:4.1.107.Final]
	at io.netty.channel.nio.NioEventLoop.processSelectedKey(NioEventLoop.java:788) ~[netty-transport-4.1.107.Final.jar:4.1.107.Final]
	at io.netty.channel.nio.NioEventLoop.processSelectedKeysOptimized(NioEventLoop.java:724) ~[netty-transport-4.1.107.Final.jar:4.1.107.Final]
	at io.netty.channel.nio.NioEventLoop.processSelectedKeys(NioEventLoop.java:650) ~[netty-transport-4.1.107.Final.jar:4.1.107.Final]
	at io.netty.channel.nio.NioEventLoop.run(NioEventLoop.java:562) ~[netty-transport-4.1.107.Final.jar:4.1.107.Final]
	at io.netty.util.concurrent.SingleThreadEventExecutor$4.run(SingleThreadEventExecutor.java:997) ~[netty-common-4.1.107.Final.jar:4.1.107.Final]
	at io.netty.util.internal.ThreadExecutorMap$2.run(ThreadExecutorMap.java:74) ~[netty-common-4.1.107.Final.jar:4.1.107.Final]
	at io.netty.util.concurrent.FastThreadLocalRunnable.run(FastThreadLocalRunnable.java:30) ~[netty-common-4.1.107.Final.jar:4.1.107.Final]
	at java.base/java.lang.Thread.run(Thread.java:840) ~[?:?]
2024-04-18 13:52:47 [main] INFO  it.progresslab.db.ArangoDBConnector - ArangoDB connector initialized on host progress.localhost and port 8529
2024-04-18 13:52:47 [main] INFO  it.progresslab.db.ArangoDBConnector - ArangoDB connector initialized on host progress.localhost and port 8529
2024-04-18 13:52:55 [main] ERROR it.progresslab.db.ArangoDBConnector - Exception retrieving document on DB PROGRESS_PROD collection User key 2863813: Cannot contact any host!
com.arangodb.ArangoDBException: Cannot contact any host!
	at com.arangodb.ArangoDBException.of(ArangoDBException.java:137) ~[core-7.6.0.jar:7.6.0]
	at com.arangodb.ArangoDBException.of(ArangoDBException.java:111) ~[core-7.6.0.jar:7.6.0]
	at com.arangodb.ArangoDBException.of(ArangoDBException.java:107) ~[core-7.6.0.jar:7.6.0]
	at com.arangodb.internal.net.CommunicationProtocol.execute(CommunicationProtocol.java:45) ~[core-7.6.0.jar:7.6.0]
	at com.arangodb.internal.ArangoExecutorSync.execute(ArangoExecutorSync.java:55) ~[core-7.6.0.jar:7.6.0]
	at com.arangodb.internal.ArangoExecutorSync.execute(ArangoExecutorSync.java:47) ~[core-7.6.0.jar:7.6.0]
	at com.arangodb.internal.ArangoCollectionImpl.getDocument(ArangoCollectionImpl.java:137) ~[core-7.6.0.jar:7.6.0]
	at com.arangodb.internal.ArangoCollectionImpl.getDocument(ArangoCollectionImpl.java:131) ~[core-7.6.0.jar:7.6.0]
	at it.progresslab.db.ArangoDBConnector.getDocumentAsJson(ArangoDBConnector.java:75) [classes/:?]
	at it.progresslab.App.main(App.java:14) [classes/:?]
Caused by: com.arangodb.ArangoDBMultipleException
	at com.arangodb.internal.net.FallbackHostHandler.checkNext(FallbackHostHandler.java:62) ~[core-7.6.0.jar:7.6.0]
	at com.arangodb.internal.net.DirtyReadHostHandler.checkNext(DirtyReadHostHandler.java:58) ~[core-7.6.0.jar:7.6.0]
	at com.arangodb.internal.net.Communication.handleException(Communication.java:126) ~[core-7.6.0.jar:7.6.0]
	at com.arangodb.internal.net.Communication.lambda$doExecuteAsync$0(Communication.java:84) ~[core-7.6.0.jar:7.6.0]
	at java.base/java.util.concurrent.CompletableFuture.uniWhenComplete(CompletableFuture.java:863) ~[?:?]
	at java.base/java.util.concurrent.CompletableFuture$UniWhenComplete.tryFire(CompletableFuture.java:841) ~[?:?]
	at java.base/java.util.concurrent.CompletableFuture.postComplete(CompletableFuture.java:510) ~[?:?]
	at java.base/java.util.concurrent.CompletableFuture.completeExceptionally(CompletableFuture.java:2162) ~[?:?]
	at io.vertx.core.impl.future.FutureImpl$2.onFailure(FutureImpl.java:117) ~[vertx-core-4.5.5.jar:4.5.5]
	at io.vertx.core.impl.future.FutureImpl$ListenerArray.onFailure(FutureImpl.java:316) ~[vertx-core-4.5.5.jar:4.5.5]
	at io.vertx.core.impl.future.FutureBase.emitFailure(FutureBase.java:81) ~[vertx-core-4.5.5.jar:4.5.5]
	at io.vertx.core.impl.future.FutureImpl.tryFail(FutureImpl.java:278) ~[vertx-core-4.5.5.jar:4.5.5]
	at io.vertx.core.impl.future.Mapping.onFailure(Mapping.java:45) ~[vertx-core-4.5.5.jar:4.5.5]
	at io.vertx.core.impl.future.FutureBase.emitFailure(FutureBase.java:81) ~[vertx-core-4.5.5.jar:4.5.5]
	at io.vertx.core.impl.future.FutureImpl.tryFail(FutureImpl.java:278) ~[vertx-core-4.5.5.jar:4.5.5]
	at io.vertx.core.impl.future.PromiseImpl.onFailure(PromiseImpl.java:54) ~[vertx-core-4.5.5.jar:4.5.5]
	at io.vertx.core.impl.future.PromiseImpl.handle(PromiseImpl.java:43) ~[vertx-core-4.5.5.jar:4.5.5]
	at io.vertx.core.impl.future.PromiseImpl.handle(PromiseImpl.java:23) ~[vertx-core-4.5.5.jar:4.5.5]
	at io.vertx.ext.web.client.impl.HttpContext.handleFailure(HttpContext.java:393) ~[vertx-web-client-4.5.5.jar:4.5.5]
	at io.vertx.ext.web.client.impl.HttpContext.execute(HttpContext.java:387) ~[vertx-web-client-4.5.5.jar:4.5.5]
	at io.vertx.ext.web.client.impl.HttpContext.next(HttpContext.java:362) ~[vertx-web-client-4.5.5.jar:4.5.5]
	at io.vertx.ext.web.client.impl.HttpContext.fire(HttpContext.java:329) ~[vertx-web-client-4.5.5.jar:4.5.5]
	at io.vertx.ext.web.client.impl.HttpContext.fail(HttpContext.java:310) ~[vertx-web-client-4.5.5.jar:4.5.5]
	at io.vertx.ext.web.client.impl.HttpContext.lambda$handleCreateRequest$6(HttpContext.java:493) ~[vertx-web-client-4.5.5.jar:4.5.5]
	at io.vertx.core.impl.future.FutureImpl$4.onFailure(FutureImpl.java:188) ~[vertx-core-4.5.5.jar:4.5.5]
	at io.vertx.core.impl.future.FutureBase.emitFailure(FutureBase.java:81) ~[vertx-core-4.5.5.jar:4.5.5]
	at io.vertx.core.impl.future.FutureImpl.tryFail(FutureImpl.java:278) ~[vertx-core-4.5.5.jar:4.5.5]
	at io.vertx.core.http.impl.HttpClientImpl.lambda$doRequest$4(HttpClientImpl.java:398) ~[vertx-core-4.5.5.jar:4.5.5]
	at io.vertx.core.net.impl.pool.Endpoint.lambda$getConnection$0(Endpoint.java:52) ~[vertx-core-4.5.5.jar:4.5.5]
	at io.vertx.core.http.impl.SharedClientHttpStreamEndpoint$Request.handle(SharedClientHttpStreamEndpoint.java:162) ~[vertx-core-4.5.5.jar:4.5.5]
	at io.vertx.core.http.impl.SharedClientHttpStreamEndpoint$Request.handle(SharedClientHttpStreamEndpoint.java:123) ~[vertx-core-4.5.5.jar:4.5.5]
	at io.vertx.core.impl.ContextImpl.emit(ContextImpl.java:328) ~[vertx-core-4.5.5.jar:4.5.5]
	at io.vertx.core.impl.ContextImpl.emit(ContextImpl.java:321) ~[vertx-core-4.5.5.jar:4.5.5]
	at io.vertx.core.net.impl.pool.SimpleConnectionPool$ConnectFailed$1.run(SimpleConnectionPool.java:380) ~[vertx-core-4.5.5.jar:4.5.5]
	at io.vertx.core.net.impl.pool.Task.runNextTasks(Task.java:43) ~[vertx-core-4.5.5.jar:4.5.5]
	at io.vertx.core.net.impl.pool.CombinerExecutor.submit(CombinerExecutor.java:91) ~[vertx-core-4.5.5.jar:4.5.5]
	at io.vertx.core.net.impl.pool.SimpleConnectionPool.execute(SimpleConnectionPool.java:244) ~[vertx-core-4.5.5.jar:4.5.5]
	at io.vertx.core.net.impl.pool.SimpleConnectionPool.lambda$connect$2(SimpleConnectionPool.java:258) ~[vertx-core-4.5.5.jar:4.5.5]
	at io.vertx.core.http.impl.SharedClientHttpStreamEndpoint.lambda$connect$2(SharedClientHttpStreamEndpoint.java:104) ~[vertx-core-4.5.5.jar:4.5.5]
	at io.vertx.core.impl.future.FutureImpl$4.onFailure(FutureImpl.java:188) ~[vertx-core-4.5.5.jar:4.5.5]
	at io.vertx.core.impl.future.FutureBase.emitFailure(FutureBase.java:81) ~[vertx-core-4.5.5.jar:4.5.5]
	at io.vertx.core.impl.future.FutureImpl.tryFail(FutureImpl.java:278) ~[vertx-core-4.5.5.jar:4.5.5]
	at io.vertx.core.impl.future.Composition$1.onFailure(Composition.java:66) ~[vertx-core-4.5.5.jar:4.5.5]
	at io.vertx.core.impl.future.FutureBase.emitFailure(FutureBase.java:81) ~[vertx-core-4.5.5.jar:4.5.5]
	at io.vertx.core.impl.future.FailedFuture.addListener(FailedFuture.java:98) ~[vertx-core-4.5.5.jar:4.5.5]
	at io.vertx.core.impl.future.Composition.onFailure(Composition.java:55) ~[vertx-core-4.5.5.jar:4.5.5]
	at io.vertx.core.impl.future.FutureBase.emitFailure(FutureBase.java:81) ~[vertx-core-4.5.5.jar:4.5.5]
	at io.vertx.core.impl.future.FutureImpl.tryFail(FutureImpl.java:278) ~[vertx-core-4.5.5.jar:4.5.5]
	at io.vertx.core.impl.ContextImpl.emit(ContextImpl.java:328) ~[vertx-core-4.5.5.jar:4.5.5]
	at io.vertx.core.impl.ContextImpl.emit(ContextImpl.java:321) ~[vertx-core-4.5.5.jar:4.5.5]
	at io.vertx.core.net.impl.NetClientImpl.failed(NetClientImpl.java:352) ~[vertx-core-4.5.5.jar:4.5.5]
	at io.vertx.core.net.impl.NetClientImpl.lambda$connectInternal2$6(NetClientImpl.java:324) ~[vertx-core-4.5.5.jar:4.5.5]
	at io.netty.util.concurrent.DefaultPromise.notifyListener0(DefaultPromise.java:590) ~[netty-common-4.1.107.Final.jar:4.1.107.Final]
	at io.netty.util.concurrent.DefaultPromise.notifyListenersNow(DefaultPromise.java:557) ~[netty-common-4.1.107.Final.jar:4.1.107.Final]
	at io.netty.util.concurrent.DefaultPromise.notifyListeners(DefaultPromise.java:492) ~[netty-common-4.1.107.Final.jar:4.1.107.Final]
	at io.netty.util.concurrent.DefaultPromise.setValue0(DefaultPromise.java:636) ~[netty-common-4.1.107.Final.jar:4.1.107.Final]
	at io.netty.util.concurrent.DefaultPromise.setFailure0(DefaultPromise.java:629) ~[netty-common-4.1.107.Final.jar:4.1.107.Final]
	at io.netty.util.concurrent.DefaultPromise.setFailure(DefaultPromise.java:110) ~[netty-common-4.1.107.Final.jar:4.1.107.Final]
	at io.vertx.core.net.impl.ChannelProvider.lambda$handleConnect$0(ChannelProvider.java:157) ~[vertx-core-4.5.5.jar:4.5.5]
	at io.netty.util.concurrent.DefaultPromise.notifyListener0(DefaultPromise.java:590) ~[netty-common-4.1.107.Final.jar:4.1.107.Final]
	at io.netty.util.concurrent.DefaultPromise.notifyListenersNow(DefaultPromise.java:557) ~[netty-common-4.1.107.Final.jar:4.1.107.Final]
	at io.netty.util.concurrent.DefaultPromise.notifyListeners(DefaultPromise.java:492) ~[netty-common-4.1.107.Final.jar:4.1.107.Final]
	at io.netty.util.concurrent.DefaultPromise.setValue0(DefaultPromise.java:636) ~[netty-common-4.1.107.Final.jar:4.1.107.Final]
	at io.netty.util.concurrent.DefaultPromise.setFailure0(DefaultPromise.java:629) ~[netty-common-4.1.107.Final.jar:4.1.107.Final]
	at io.netty.util.concurrent.DefaultPromise.setFailure(DefaultPromise.java:110) ~[netty-common-4.1.107.Final.jar:4.1.107.Final]
	at io.netty.channel.DefaultChannelPromise.setFailure(DefaultChannelPromise.java:89) ~[netty-transport-4.1.107.Final.jar:4.1.107.Final]
	at io.netty.bootstrap.Bootstrap$2.operationComplete(Bootstrap.java:242) ~[netty-transport-4.1.107.Final.jar:4.1.107.Final]
	at io.netty.util.concurrent.DefaultPromise.notifyListener0(DefaultPromise.java:590) ~[netty-common-4.1.107.Final.jar:4.1.107.Final]
	at io.netty.util.concurrent.DefaultPromise.notifyListenersNow(DefaultPromise.java:557) ~[netty-common-4.1.107.Final.jar:4.1.107.Final]
	at io.netty.util.concurrent.DefaultPromise.notifyListeners(DefaultPromise.java:492) ~[netty-common-4.1.107.Final.jar:4.1.107.Final]
	at io.netty.util.concurrent.DefaultPromise.setValue0(DefaultPromise.java:636) ~[netty-common-4.1.107.Final.jar:4.1.107.Final]
	at io.netty.util.concurrent.DefaultPromise.setFailure0(DefaultPromise.java:629) ~[netty-common-4.1.107.Final.jar:4.1.107.Final]
	at io.netty.util.concurrent.DefaultPromise.setFailure(DefaultPromise.java:110) ~[netty-common-4.1.107.Final.jar:4.1.107.Final]
	at io.netty.resolver.InetSocketAddressResolver$1.operationComplete(InetSocketAddressResolver.java:62) ~[netty-resolver-4.1.107.Final.jar:4.1.107.Final]
	at io.netty.util.concurrent.DefaultPromise.notifyListener0(DefaultPromise.java:590) ~[netty-common-4.1.107.Final.jar:4.1.107.Final]
	at io.netty.util.concurrent.DefaultPromise.notifyListeners0(DefaultPromise.java:583) ~[netty-common-4.1.107.Final.jar:4.1.107.Final]
	at io.netty.util.concurrent.DefaultPromise.notifyListenersNow(DefaultPromise.java:559) ~[netty-common-4.1.107.Final.jar:4.1.107.Final]
	at io.netty.util.concurrent.DefaultPromise.notifyListeners(DefaultPromise.java:492) ~[netty-common-4.1.107.Final.jar:4.1.107.Final]
	at io.netty.util.concurrent.DefaultPromise.setValue0(DefaultPromise.java:636) ~[netty-common-4.1.107.Final.jar:4.1.107.Final]
	at io.netty.util.concurrent.DefaultPromise.setFailure0(DefaultPromise.java:629) ~[netty-common-4.1.107.Final.jar:4.1.107.Final]
	at io.netty.util.concurrent.DefaultPromise.tryFailure(DefaultPromise.java:118) ~[netty-common-4.1.107.Final.jar:4.1.107.Final]
	at io.netty.resolver.dns.DnsNameResolver.tryFailure(DnsNameResolver.java:1037) ~[netty-resolver-dns-4.1.107.Final.jar:4.1.107.Final]
	at io.netty.resolver.dns.DnsNameResolver.access$500(DnsNameResolver.java:95) ~[netty-resolver-dns-4.1.107.Final.jar:4.1.107.Final]
	at io.netty.resolver.dns.DnsNameResolver$7.operationComplete(DnsNameResolver.java:1057) ~[netty-resolver-dns-4.1.107.Final.jar:4.1.107.Final]
	at io.netty.util.concurrent.DefaultPromise.notifyListener0(DefaultPromise.java:590) ~[netty-common-4.1.107.Final.jar:4.1.107.Final]
	at io.netty.util.concurrent.DefaultPromise.notifyListenersNow(DefaultPromise.java:557) ~[netty-common-4.1.107.Final.jar:4.1.107.Final]
	at io.netty.util.concurrent.DefaultPromise.notifyListeners(DefaultPromise.java:492) ~[netty-common-4.1.107.Final.jar:4.1.107.Final]
	at io.netty.util.concurrent.DefaultPromise.setValue0(DefaultPromise.java:636) ~[netty-common-4.1.107.Final.jar:4.1.107.Final]
	at io.netty.util.concurrent.DefaultPromise.setFailure0(DefaultPromise.java:629) ~[netty-common-4.1.107.Final.jar:4.1.107.Final]
	at io.netty.util.concurrent.DefaultPromise.tryFailure(DefaultPromise.java:118) ~[netty-common-4.1.107.Final.jar:4.1.107.Final]
	at io.netty.resolver.dns.DnsResolveContext.finishResolve(DnsResolveContext.java:1133) ~[netty-resolver-dns-4.1.107.Final.jar:4.1.107.Final]
	at io.netty.resolver.dns.DnsResolveContext.tryToFinishResolve(DnsResolveContext.java:1072) ~[netty-resolver-dns-4.1.107.Final.jar:4.1.107.Final]
	at io.netty.resolver.dns.DnsResolveContext.query(DnsResolveContext.java:444) ~[netty-resolver-dns-4.1.107.Final.jar:4.1.107.Final]
	at io.netty.resolver.dns.DnsResolveContext.onResponse(DnsResolveContext.java:675) ~[netty-resolver-dns-4.1.107.Final.jar:4.1.107.Final]
	at io.netty.resolver.dns.DnsResolveContext.access$500(DnsResolveContext.java:68) ~[netty-resolver-dns-4.1.107.Final.jar:4.1.107.Final]
	at io.netty.resolver.dns.DnsResolveContext$2.operationComplete(DnsResolveContext.java:502) ~[netty-resolver-dns-4.1.107.Final.jar:4.1.107.Final]
	at io.netty.util.concurrent.DefaultPromise.notifyListener0(DefaultPromise.java:590) ~[netty-common-4.1.107.Final.jar:4.1.107.Final]
	at io.netty.util.concurrent.DefaultPromise.notifyListeners0(DefaultPromise.java:583) ~[netty-common-4.1.107.Final.jar:4.1.107.Final]
	at io.netty.util.concurrent.DefaultPromise.notifyListenersNow(DefaultPromise.java:559) ~[netty-common-4.1.107.Final.jar:4.1.107.Final]
	at io.netty.util.concurrent.DefaultPromise.notifyListeners(DefaultPromise.java:492) ~[netty-common-4.1.107.Final.jar:4.1.107.Final]
	at io.netty.util.concurrent.DefaultPromise.setValue0(DefaultPromise.java:636) ~[netty-common-4.1.107.Final.jar:4.1.107.Final]
	at io.netty.util.concurrent.DefaultPromise.setSuccess0(DefaultPromise.java:625) ~[netty-common-4.1.107.Final.jar:4.1.107.Final]
	at io.netty.util.concurrent.DefaultPromise.trySuccess(DefaultPromise.java:105) ~[netty-common-4.1.107.Final.jar:4.1.107.Final]
	at io.netty.resolver.dns.DnsQueryContext.trySuccess(DnsQueryContext.java:345) ~[netty-resolver-dns-4.1.107.Final.jar:4.1.107.Final]
	at io.netty.resolver.dns.DnsQueryContext.finishSuccess(DnsQueryContext.java:336) ~[netty-resolver-dns-4.1.107.Final.jar:4.1.107.Final]
	at io.netty.resolver.dns.DnsNameResolver$DnsResponseHandler.channelRead(DnsNameResolver.java:1382) ~[netty-resolver-dns-4.1.107.Final.jar:4.1.107.Final]
	at io.netty.channel.AbstractChannelHandlerContext.invokeChannelRead(AbstractChannelHandlerContext.java:444) ~[netty-transport-4.1.107.Final.jar:4.1.107.Final]
	at io.netty.channel.AbstractChannelHandlerContext.invokeChannelRead(AbstractChannelHandlerContext.java:420) ~[netty-transport-4.1.107.Final.jar:4.1.107.Final]
	at io.netty.channel.AbstractChannelHandlerContext.fireChannelRead(AbstractChannelHandlerContext.java:412) ~[netty-transport-4.1.107.Final.jar:4.1.107.Final]
	at io.netty.handler.codec.MessageToMessageDecoder.channelRead(MessageToMessageDecoder.java:103) ~[netty-codec-4.1.107.Final.jar:4.1.107.Final]
	at io.netty.channel.AbstractChannelHandlerContext.invokeChannelRead(AbstractChannelHandlerContext.java:444) ~[netty-transport-4.1.107.Final.jar:4.1.107.Final]
	at io.netty.channel.AbstractChannelHandlerContext.invokeChannelRead(AbstractChannelHandlerContext.java:420) ~[netty-transport-4.1.107.Final.jar:4.1.107.Final]
	at io.netty.channel.AbstractChannelHandlerContext.fireChannelRead(AbstractChannelHandlerContext.java:412) ~[netty-transport-4.1.107.Final.jar:4.1.107.Final]
	at io.netty.channel.DefaultChannelPipeline$HeadContext.channelRead(DefaultChannelPipeline.java:1410) ~[netty-transport-4.1.107.Final.jar:4.1.107.Final]
	at io.netty.channel.AbstractChannelHandlerContext.invokeChannelRead(AbstractChannelHandlerContext.java:440) ~[netty-transport-4.1.107.Final.jar:4.1.107.Final]
	at io.netty.channel.AbstractChannelHandlerContext.invokeChannelRead(AbstractChannelHandlerContext.java:420) ~[netty-transport-4.1.107.Final.jar:4.1.107.Final]
	at io.netty.channel.DefaultChannelPipeline.fireChannelRead(DefaultChannelPipeline.java:919) ~[netty-transport-4.1.107.Final.jar:4.1.107.Final]
	at io.netty.channel.nio.AbstractNioMessageChannel$NioMessageUnsafe.read(AbstractNioMessageChannel.java:97) ~[netty-transport-4.1.107.Final.jar:4.1.107.Final]
	at io.netty.channel.nio.NioEventLoop.processSelectedKey(NioEventLoop.java:788) ~[netty-transport-4.1.107.Final.jar:4.1.107.Final]
	at io.netty.channel.nio.NioEventLoop.processSelectedKeysOptimized(NioEventLoop.java:724) ~[netty-transport-4.1.107.Final.jar:4.1.107.Final]
	at io.netty.channel.nio.NioEventLoop.processSelectedKeys(NioEventLoop.java:650) ~[netty-transport-4.1.107.Final.jar:4.1.107.Final]
	at io.netty.channel.nio.NioEventLoop.run(NioEventLoop.java:562) ~[netty-transport-4.1.107.Final.jar:4.1.107.Final]
	at io.netty.util.concurrent.SingleThreadEventExecutor$4.run(SingleThreadEventExecutor.java:997) ~[netty-common-4.1.107.Final.jar:4.1.107.Final]
	at io.netty.util.internal.ThreadExecutorMap$2.run(ThreadExecutorMap.java:74) ~[netty-common-4.1.107.Final.jar:4.1.107.Final]
	at io.netty.util.concurrent.FastThreadLocalRunnable.run(FastThreadLocalRunnable.java:30) ~[netty-common-4.1.107.Final.jar:4.1.107.Final]
	at java.base/java.lang.Thread.run(Thread.java:840) ~[?:?]
2024-04-18 13:52:55 [main] ERROR it.progresslab.db.ArangoDBConnector - Exception retrieving document on DB PROGRESS_PROD collection User key 2863813: Cannot contact any host!
com.arangodb.ArangoDBException: Cannot contact any host!
	at com.arangodb.ArangoDBException.of(ArangoDBException.java:137) ~[core-7.6.0.jar:7.6.0]
	at com.arangodb.ArangoDBException.of(ArangoDBException.java:111) ~[core-7.6.0.jar:7.6.0]
	at com.arangodb.ArangoDBException.of(ArangoDBException.java:107) ~[core-7.6.0.jar:7.6.0]
	at com.arangodb.internal.net.CommunicationProtocol.execute(CommunicationProtocol.java:45) ~[core-7.6.0.jar:7.6.0]
	at com.arangodb.internal.ArangoExecutorSync.execute(ArangoExecutorSync.java:55) ~[core-7.6.0.jar:7.6.0]
	at com.arangodb.internal.ArangoExecutorSync.execute(ArangoExecutorSync.java:47) ~[core-7.6.0.jar:7.6.0]
	at com.arangodb.internal.ArangoCollectionImpl.getDocument(ArangoCollectionImpl.java:137) ~[core-7.6.0.jar:7.6.0]
	at com.arangodb.internal.ArangoCollectionImpl.getDocument(ArangoCollectionImpl.java:131) ~[core-7.6.0.jar:7.6.0]
	at it.progresslab.db.ArangoDBConnector.getDocumentAsJson(ArangoDBConnector.java:75) [classes/:?]
	at it.progresslab.App.main(App.java:14) [classes/:?]
Caused by: com.arangodb.ArangoDBMultipleException
	at com.arangodb.internal.net.FallbackHostHandler.checkNext(FallbackHostHandler.java:62) ~[core-7.6.0.jar:7.6.0]
	at com.arangodb.internal.net.DirtyReadHostHandler.checkNext(DirtyReadHostHandler.java:58) ~[core-7.6.0.jar:7.6.0]
	at com.arangodb.internal.net.Communication.handleException(Communication.java:126) ~[core-7.6.0.jar:7.6.0]
	at com.arangodb.internal.net.Communication.lambda$doExecuteAsync$0(Communication.java:84) ~[core-7.6.0.jar:7.6.0]
	at java.base/java.util.concurrent.CompletableFuture.uniWhenComplete(CompletableFuture.java:863) ~[?:?]
	at java.base/java.util.concurrent.CompletableFuture$UniWhenComplete.tryFire(CompletableFuture.java:841) ~[?:?]
	at java.base/java.util.concurrent.CompletableFuture.postComplete(CompletableFuture.java:510) ~[?:?]
	at java.base/java.util.concurrent.CompletableFuture.completeExceptionally(CompletableFuture.java:2162) ~[?:?]
	at io.vertx.core.impl.future.FutureImpl$2.onFailure(FutureImpl.java:117) ~[vertx-core-4.5.5.jar:4.5.5]
	at io.vertx.core.impl.future.FutureImpl$ListenerArray.onFailure(FutureImpl.java:316) ~[vertx-core-4.5.5.jar:4.5.5]
	at io.vertx.core.impl.future.FutureBase.emitFailure(FutureBase.java:81) ~[vertx-core-4.5.5.jar:4.5.5]
	at io.vertx.core.impl.future.FutureImpl.tryFail(FutureImpl.java:278) ~[vertx-core-4.5.5.jar:4.5.5]
	at io.vertx.core.impl.future.Mapping.onFailure(Mapping.java:45) ~[vertx-core-4.5.5.jar:4.5.5]
	at io.vertx.core.impl.future.FutureBase.emitFailure(FutureBase.java:81) ~[vertx-core-4.5.5.jar:4.5.5]
	at io.vertx.core.impl.future.FutureImpl.tryFail(FutureImpl.java:278) ~[vertx-core-4.5.5.jar:4.5.5]
	at io.vertx.core.impl.future.PromiseImpl.onFailure(PromiseImpl.java:54) ~[vertx-core-4.5.5.jar:4.5.5]
	at io.vertx.core.impl.future.PromiseImpl.handle(PromiseImpl.java:43) ~[vertx-core-4.5.5.jar:4.5.5]
	at io.vertx.core.impl.future.PromiseImpl.handle(PromiseImpl.java:23) ~[vertx-core-4.5.5.jar:4.5.5]
	at io.vertx.ext.web.client.impl.HttpContext.handleFailure(HttpContext.java:393) ~[vertx-web-client-4.5.5.jar:4.5.5]
	at io.vertx.ext.web.client.impl.HttpContext.execute(HttpContext.java:387) ~[vertx-web-client-4.5.5.jar:4.5.5]
	at io.vertx.ext.web.client.impl.HttpContext.next(HttpContext.java:362) ~[vertx-web-client-4.5.5.jar:4.5.5]
	at io.vertx.ext.web.client.impl.HttpContext.fire(HttpContext.java:329) ~[vertx-web-client-4.5.5.jar:4.5.5]
	at io.vertx.ext.web.client.impl.HttpContext.fail(HttpContext.java:310) ~[vertx-web-client-4.5.5.jar:4.5.5]
	at io.vertx.ext.web.client.impl.HttpContext.lambda$handleCreateRequest$6(HttpContext.java:493) ~[vertx-web-client-4.5.5.jar:4.5.5]
	at io.vertx.core.impl.future.FutureImpl$4.onFailure(FutureImpl.java:188) ~[vertx-core-4.5.5.jar:4.5.5]
	at io.vertx.core.impl.future.FutureBase.emitFailure(FutureBase.java:81) ~[vertx-core-4.5.5.jar:4.5.5]
	at io.vertx.core.impl.future.FutureImpl.tryFail(FutureImpl.java:278) ~[vertx-core-4.5.5.jar:4.5.5]
	at io.vertx.core.http.impl.HttpClientImpl.lambda$doRequest$4(HttpClientImpl.java:398) ~[vertx-core-4.5.5.jar:4.5.5]
	at io.vertx.core.net.impl.pool.Endpoint.lambda$getConnection$0(Endpoint.java:52) ~[vertx-core-4.5.5.jar:4.5.5]
	at io.vertx.core.http.impl.SharedClientHttpStreamEndpoint$Request.handle(SharedClientHttpStreamEndpoint.java:162) ~[vertx-core-4.5.5.jar:4.5.5]
	at io.vertx.core.http.impl.SharedClientHttpStreamEndpoint$Request.handle(SharedClientHttpStreamEndpoint.java:123) ~[vertx-core-4.5.5.jar:4.5.5]
	at io.vertx.core.impl.ContextImpl.emit(ContextImpl.java:328) ~[vertx-core-4.5.5.jar:4.5.5]
	at io.vertx.core.impl.ContextImpl.emit(ContextImpl.java:321) ~[vertx-core-4.5.5.jar:4.5.5]
	at io.vertx.core.net.impl.pool.SimpleConnectionPool$ConnectFailed$1.run(SimpleConnectionPool.java:380) ~[vertx-core-4.5.5.jar:4.5.5]
	at io.vertx.core.net.impl.pool.Task.runNextTasks(Task.java:43) ~[vertx-core-4.5.5.jar:4.5.5]
	at io.vertx.core.net.impl.pool.CombinerExecutor.submit(CombinerExecutor.java:91) ~[vertx-core-4.5.5.jar:4.5.5]
	at io.vertx.core.net.impl.pool.SimpleConnectionPool.execute(SimpleConnectionPool.java:244) ~[vertx-core-4.5.5.jar:4.5.5]
	at io.vertx.core.net.impl.pool.SimpleConnectionPool.lambda$connect$2(SimpleConnectionPool.java:258) ~[vertx-core-4.5.5.jar:4.5.5]
	at io.vertx.core.http.impl.SharedClientHttpStreamEndpoint.lambda$connect$2(SharedClientHttpStreamEndpoint.java:104) ~[vertx-core-4.5.5.jar:4.5.5]
	at io.vertx.core.impl.future.FutureImpl$4.onFailure(FutureImpl.java:188) ~[vertx-core-4.5.5.jar:4.5.5]
	at io.vertx.core.impl.future.FutureBase.emitFailure(FutureBase.java:81) ~[vertx-core-4.5.5.jar:4.5.5]
	at io.vertx.core.impl.future.FutureImpl.tryFail(FutureImpl.java:278) ~[vertx-core-4.5.5.jar:4.5.5]
	at io.vertx.core.impl.future.Composition$1.onFailure(Composition.java:66) ~[vertx-core-4.5.5.jar:4.5.5]
	at io.vertx.core.impl.future.FutureBase.emitFailure(FutureBase.java:81) ~[vertx-core-4.5.5.jar:4.5.5]
	at io.vertx.core.impl.future.FailedFuture.addListener(FailedFuture.java:98) ~[vertx-core-4.5.5.jar:4.5.5]
	at io.vertx.core.impl.future.Composition.onFailure(Composition.java:55) ~[vertx-core-4.5.5.jar:4.5.5]
	at io.vertx.core.impl.future.FutureBase.emitFailure(FutureBase.java:81) ~[vertx-core-4.5.5.jar:4.5.5]
	at io.vertx.core.impl.future.FutureImpl.tryFail(FutureImpl.java:278) ~[vertx-core-4.5.5.jar:4.5.5]
	at io.vertx.core.impl.ContextImpl.emit(ContextImpl.java:328) ~[vertx-core-4.5.5.jar:4.5.5]
	at io.vertx.core.impl.ContextImpl.emit(ContextImpl.java:321) ~[vertx-core-4.5.5.jar:4.5.5]
	at io.vertx.core.net.impl.NetClientImpl.failed(NetClientImpl.java:352) ~[vertx-core-4.5.5.jar:4.5.5]
	at io.vertx.core.net.impl.NetClientImpl.lambda$connectInternal2$6(NetClientImpl.java:324) ~[vertx-core-4.5.5.jar:4.5.5]
	at io.netty.util.concurrent.DefaultPromise.notifyListener0(DefaultPromise.java:590) ~[netty-common-4.1.107.Final.jar:4.1.107.Final]
	at io.netty.util.concurrent.DefaultPromise.notifyListenersNow(DefaultPromise.java:557) ~[netty-common-4.1.107.Final.jar:4.1.107.Final]
	at io.netty.util.concurrent.DefaultPromise.notifyListeners(DefaultPromise.java:492) ~[netty-common-4.1.107.Final.jar:4.1.107.Final]
	at io.netty.util.concurrent.DefaultPromise.setValue0(DefaultPromise.java:636) ~[netty-common-4.1.107.Final.jar:4.1.107.Final]
	at io.netty.util.concurrent.DefaultPromise.setFailure0(DefaultPromise.java:629) ~[netty-common-4.1.107.Final.jar:4.1.107.Final]
	at io.netty.util.concurrent.DefaultPromise.setFailure(DefaultPromise.java:110) ~[netty-common-4.1.107.Final.jar:4.1.107.Final]
	at io.vertx.core.net.impl.ChannelProvider.lambda$handleConnect$0(ChannelProvider.java:157) ~[vertx-core-4.5.5.jar:4.5.5]
	at io.netty.util.concurrent.DefaultPromise.notifyListener0(DefaultPromise.java:590) ~[netty-common-4.1.107.Final.jar:4.1.107.Final]
	at io.netty.util.concurrent.DefaultPromise.notifyListenersNow(DefaultPromise.java:557) ~[netty-common-4.1.107.Final.jar:4.1.107.Final]
	at io.netty.util.concurrent.DefaultPromise.notifyListeners(DefaultPromise.java:492) ~[netty-common-4.1.107.Final.jar:4.1.107.Final]
	at io.netty.util.concurrent.DefaultPromise.setValue0(DefaultPromise.java:636) ~[netty-common-4.1.107.Final.jar:4.1.107.Final]
	at io.netty.util.concurrent.DefaultPromise.setFailure0(DefaultPromise.java:629) ~[netty-common-4.1.107.Final.jar:4.1.107.Final]
	at io.netty.util.concurrent.DefaultPromise.setFailure(DefaultPromise.java:110) ~[netty-common-4.1.107.Final.jar:4.1.107.Final]
	at io.netty.channel.DefaultChannelPromise.setFailure(DefaultChannelPromise.java:89) ~[netty-transport-4.1.107.Final.jar:4.1.107.Final]
	at io.netty.bootstrap.Bootstrap$2.operationComplete(Bootstrap.java:242) ~[netty-transport-4.1.107.Final.jar:4.1.107.Final]
	at io.netty.util.concurrent.DefaultPromise.notifyListener0(DefaultPromise.java:590) ~[netty-common-4.1.107.Final.jar:4.1.107.Final]
	at io.netty.util.concurrent.DefaultPromise.notifyListenersNow(DefaultPromise.java:557) ~[netty-common-4.1.107.Final.jar:4.1.107.Final]
	at io.netty.util.concurrent.DefaultPromise.notifyListeners(DefaultPromise.java:492) ~[netty-common-4.1.107.Final.jar:4.1.107.Final]
	at io.netty.util.concurrent.DefaultPromise.setValue0(DefaultPromise.java:636) ~[netty-common-4.1.107.Final.jar:4.1.107.Final]
	at io.netty.util.concurrent.DefaultPromise.setFailure0(DefaultPromise.java:629) ~[netty-common-4.1.107.Final.jar:4.1.107.Final]
	at io.netty.util.concurrent.DefaultPromise.setFailure(DefaultPromise.java:110) ~[netty-common-4.1.107.Final.jar:4.1.107.Final]
	at io.netty.resolver.InetSocketAddressResolver$1.operationComplete(InetSocketAddressResolver.java:62) ~[netty-resolver-4.1.107.Final.jar:4.1.107.Final]
	at io.netty.util.concurrent.DefaultPromise.notifyListener0(DefaultPromise.java:590) ~[netty-common-4.1.107.Final.jar:4.1.107.Final]
	at io.netty.util.concurrent.DefaultPromise.notifyListeners0(DefaultPromise.java:583) ~[netty-common-4.1.107.Final.jar:4.1.107.Final]
	at io.netty.util.concurrent.DefaultPromise.notifyListenersNow(DefaultPromise.java:559) ~[netty-common-4.1.107.Final.jar:4.1.107.Final]
	at io.netty.util.concurrent.DefaultPromise.notifyListeners(DefaultPromise.java:492) ~[netty-common-4.1.107.Final.jar:4.1.107.Final]
	at io.netty.util.concurrent.DefaultPromise.setValue0(DefaultPromise.java:636) ~[netty-common-4.1.107.Final.jar:4.1.107.Final]
	at io.netty.util.concurrent.DefaultPromise.setFailure0(DefaultPromise.java:629) ~[netty-common-4.1.107.Final.jar:4.1.107.Final]
	at io.netty.util.concurrent.DefaultPromise.tryFailure(DefaultPromise.java:118) ~[netty-common-4.1.107.Final.jar:4.1.107.Final]
	at io.netty.resolver.dns.DnsNameResolver.tryFailure(DnsNameResolver.java:1037) ~[netty-resolver-dns-4.1.107.Final.jar:4.1.107.Final]
	at io.netty.resolver.dns.DnsNameResolver.access$500(DnsNameResolver.java:95) ~[netty-resolver-dns-4.1.107.Final.jar:4.1.107.Final]
	at io.netty.resolver.dns.DnsNameResolver$7.operationComplete(DnsNameResolver.java:1057) ~[netty-resolver-dns-4.1.107.Final.jar:4.1.107.Final]
	at io.netty.util.concurrent.DefaultPromise.notifyListener0(DefaultPromise.java:590) ~[netty-common-4.1.107.Final.jar:4.1.107.Final]
	at io.netty.util.concurrent.DefaultPromise.notifyListenersNow(DefaultPromise.java:557) ~[netty-common-4.1.107.Final.jar:4.1.107.Final]
	at io.netty.util.concurrent.DefaultPromise.notifyListeners(DefaultPromise.java:492) ~[netty-common-4.1.107.Final.jar:4.1.107.Final]
	at io.netty.util.concurrent.DefaultPromise.setValue0(DefaultPromise.java:636) ~[netty-common-4.1.107.Final.jar:4.1.107.Final]
	at io.netty.util.concurrent.DefaultPromise.setFailure0(DefaultPromise.java:629) ~[netty-common-4.1.107.Final.jar:4.1.107.Final]
	at io.netty.util.concurrent.DefaultPromise.tryFailure(DefaultPromise.java:118) ~[netty-common-4.1.107.Final.jar:4.1.107.Final]
	at io.netty.resolver.dns.DnsResolveContext.finishResolve(DnsResolveContext.java:1133) ~[netty-resolver-dns-4.1.107.Final.jar:4.1.107.Final]
	at io.netty.resolver.dns.DnsResolveContext.tryToFinishResolve(DnsResolveContext.java:1072) ~[netty-resolver-dns-4.1.107.Final.jar:4.1.107.Final]
	at io.netty.resolver.dns.DnsResolveContext.query(DnsResolveContext.java:444) ~[netty-resolver-dns-4.1.107.Final.jar:4.1.107.Final]
	at io.netty.resolver.dns.DnsResolveContext.onResponse(DnsResolveContext.java:675) ~[netty-resolver-dns-4.1.107.Final.jar:4.1.107.Final]
	at io.netty.resolver.dns.DnsResolveContext.access$500(DnsResolveContext.java:68) ~[netty-resolver-dns-4.1.107.Final.jar:4.1.107.Final]
	at io.netty.resolver.dns.DnsResolveContext$2.operationComplete(DnsResolveContext.java:502) ~[netty-resolver-dns-4.1.107.Final.jar:4.1.107.Final]
	at io.netty.util.concurrent.DefaultPromise.notifyListener0(DefaultPromise.java:590) ~[netty-common-4.1.107.Final.jar:4.1.107.Final]
	at io.netty.util.concurrent.DefaultPromise.notifyListeners0(DefaultPromise.java:583) ~[netty-common-4.1.107.Final.jar:4.1.107.Final]
	at io.netty.util.concurrent.DefaultPromise.notifyListenersNow(DefaultPromise.java:559) ~[netty-common-4.1.107.Final.jar:4.1.107.Final]
	at io.netty.util.concurrent.DefaultPromise.notifyListeners(DefaultPromise.java:492) ~[netty-common-4.1.107.Final.jar:4.1.107.Final]
	at io.netty.util.concurrent.DefaultPromise.setValue0(DefaultPromise.java:636) ~[netty-common-4.1.107.Final.jar:4.1.107.Final]
	at io.netty.util.concurrent.DefaultPromise.setSuccess0(DefaultPromise.java:625) ~[netty-common-4.1.107.Final.jar:4.1.107.Final]
	at io.netty.util.concurrent.DefaultPromise.trySuccess(DefaultPromise.java:105) ~[netty-common-4.1.107.Final.jar:4.1.107.Final]
	at io.netty.resolver.dns.DnsQueryContext.trySuccess(DnsQueryContext.java:345) ~[netty-resolver-dns-4.1.107.Final.jar:4.1.107.Final]
	at io.netty.resolver.dns.DnsQueryContext.finishSuccess(DnsQueryContext.java:336) ~[netty-resolver-dns-4.1.107.Final.jar:4.1.107.Final]
	at io.netty.resolver.dns.DnsNameResolver$DnsResponseHandler.channelRead(DnsNameResolver.java:1382) ~[netty-resolver-dns-4.1.107.Final.jar:4.1.107.Final]
	at io.netty.channel.AbstractChannelHandlerContext.invokeChannelRead(AbstractChannelHandlerContext.java:444) ~[netty-transport-4.1.107.Final.jar:4.1.107.Final]
	at io.netty.channel.AbstractChannelHandlerContext.invokeChannelRead(AbstractChannelHandlerContext.java:420) ~[netty-transport-4.1.107.Final.jar:4.1.107.Final]
	at io.netty.channel.AbstractChannelHandlerContext.fireChannelRead(AbstractChannelHandlerContext.java:412) ~[netty-transport-4.1.107.Final.jar:4.1.107.Final]
	at io.netty.handler.codec.MessageToMessageDecoder.channelRead(MessageToMessageDecoder.java:103) ~[netty-codec-4.1.107.Final.jar:4.1.107.Final]
	at io.netty.channel.AbstractChannelHandlerContext.invokeChannelRead(AbstractChannelHandlerContext.java:444) ~[netty-transport-4.1.107.Final.jar:4.1.107.Final]
	at io.netty.channel.AbstractChannelHandlerContext.invokeChannelRead(AbstractChannelHandlerContext.java:420) ~[netty-transport-4.1.107.Final.jar:4.1.107.Final]
	at io.netty.channel.AbstractChannelHandlerContext.fireChannelRead(AbstractChannelHandlerContext.java:412) ~[netty-transport-4.1.107.Final.jar:4.1.107.Final]
	at io.netty.channel.DefaultChannelPipeline$HeadContext.channelRead(DefaultChannelPipeline.java:1410) ~[netty-transport-4.1.107.Final.jar:4.1.107.Final]
	at io.netty.channel.AbstractChannelHandlerContext.invokeChannelRead(AbstractChannelHandlerContext.java:440) ~[netty-transport-4.1.107.Final.jar:4.1.107.Final]
	at io.netty.channel.AbstractChannelHandlerContext.invokeChannelRead(AbstractChannelHandlerContext.java:420) ~[netty-transport-4.1.107.Final.jar:4.1.107.Final]
	at io.netty.channel.DefaultChannelPipeline.fireChannelRead(DefaultChannelPipeline.java:919) ~[netty-transport-4.1.107.Final.jar:4.1.107.Final]
	at io.netty.channel.nio.AbstractNioMessageChannel$NioMessageUnsafe.read(AbstractNioMessageChannel.java:97) ~[netty-transport-4.1.107.Final.jar:4.1.107.Final]
	at io.netty.channel.nio.NioEventLoop.processSelectedKey(NioEventLoop.java:788) ~[netty-transport-4.1.107.Final.jar:4.1.107.Final]
	at io.netty.channel.nio.NioEventLoop.processSelectedKeysOptimized(NioEventLoop.java:724) ~[netty-transport-4.1.107.Final.jar:4.1.107.Final]
	at io.netty.channel.nio.NioEventLoop.processSelectedKeys(NioEventLoop.java:650) ~[netty-transport-4.1.107.Final.jar:4.1.107.Final]
	at io.netty.channel.nio.NioEventLoop.run(NioEventLoop.java:562) ~[netty-transport-4.1.107.Final.jar:4.1.107.Final]
	at io.netty.util.concurrent.SingleThreadEventExecutor$4.run(SingleThreadEventExecutor.java:997) ~[netty-common-4.1.107.Final.jar:4.1.107.Final]
	at io.netty.util.internal.ThreadExecutorMap$2.run(ThreadExecutorMap.java:74) ~[netty-common-4.1.107.Final.jar:4.1.107.Final]
	at io.netty.util.concurrent.FastThreadLocalRunnable.run(FastThreadLocalRunnable.java:30) ~[netty-common-4.1.107.Final.jar:4.1.107.Final]
	at java.base/java.lang.Thread.run(Thread.java:840) ~[?:?]
2024-04-18 13:53:04 [main] INFO  it.progresslab.db.ArangoDBConnector - ArangoDB connector initialized on host localhost and port 8529
2024-04-18 13:53:04 [main] INFO  it.progresslab.db.ArangoDBConnector - ArangoDB connector initialized on host localhost and port 8529
2024-04-18 13:53:11 [vertx-blocked-thread-checker] WARN  io.vertx.core.impl.BlockedThreadChecker - Thread Thread[adb-http-0,5,main] has been blocked for 3976 ms, time limit is 2000 ms
